3634.6158962249756,-1.7310756500244138,-29.980000000000018,18.76524408416748,10.355506896972656,0
3634.621563911438,-1.7476283843994138,-29.91999999999996,18.52787363128662,9.119544982910156,0
3634.626624107361,-1.8545314605712888,-29.82000000000005,16.773798466491698,11.675392150878906,0
3634.6315264701843,-1.7524562652587887,-29.899999999999977,18.90396707611084,9.295021057128906,0
3634.6366050243378,-1.8055629547119139,-29.960000000000036,18.22268304901123,10.065589904785156,0
3634.640849351883,-1.8186672027587887,-29.960000000000036,16.530262547302247,10.408912658691406,0
3634.6605546474457,-1.8779811676025389,-30.139999999999986,19.7332222946167,8.638893127441406,0
3634.680519104004,-1.8872920806884763,-29.840000000000032,17.578391819763183,9.821449279785156,0
3634.689472913742,-1.7741817291259763,-30.159999999999968,19.4372799118042,8.821998596191406,0
3634.6924629211426,-1.6938319976806637,-29.67999999999995,17.041996250915528,10.477577209472656,0
3634.69579577446,-1.8776363189697263,-30.480000000000018,18.580280094909668,9.516273498535156,0
3634.7008035182953,-1.6203792388916012,-30.480000000000018,16.373043156433106,10.530982971191406,0
3634.705929040909,-1.6779689605712889,-30.379999999999995,18.386067906188966,9.699378967285156,0
3634.710977077484,-1.7428005035400387,-29.67999999999995,18.71900308685303,9.005104064941406,0
3634.7165644168854,-1.6193446929931639,-29.67999999999995,16.406953221130372,11.248146057128906,0
3634.722462415695,-1.6403804595947262,-29.799999999999955,17.122147312927247,10.645423889160156,0
3634.7265174388885,-1.7348689849853514,-29.980000000000018,18.592611027526857,9.226356506347656,0
3634.731532096863,-1.7793544586181638,-29.980000000000018,16.443946018981933,10.485206604003906,0
3634.7365329265594,-1.566927700805664,-30.100000000000023,18.367571507263182,10.378395080566406,0
3634.741533756256,-1.6376216705322262,-29.559999999999945,18.919380741882325,8.890663146972656,0
3634.745641708374,-1.7141780670166014,-29.600000000000023,16.23123743133545,11.438880920410156,0
3634.766532421112,-1.7462489898681637,-29.899999999999977,18.30283411102295,10.248695373535156,0
3634.786392211914,-1.6634853179931637,-29.91999999999996,19.125923863220216,9.073768615722656,0
3634.795398235321,-1.6852107818603512,-29.779999999999973,19.246150456237793,9.363685607910156,0
3634.798470020294,-1.8690151031494138,-30.120000000000005,16.52717981414795,10.630165100097656,0
3634.8023796081543,-1.6579677398681638,-30.120000000000005,19.38795618133545,9.027992248535156,0
3634.8074674606323,-1.5907222564697263,-29.860000000000014,17.208463841247557,9.882484436035156,0
3634.8111588954926,-1.5662380035400387,-29.74000000000001,18.068546391296387,9.974037170410156,0
3634.8166012763977,-1.7779750640869139,-29.74000000000001,19.55442377166748,8.760963439941406,0
3634.821039199829,-1.6721065338134762,-30.059999999999945,16.046273442077634,10.660682678222656,0
3634.8275377750397,-1.5803767974853513,-30.059999999999945,17.556812687683106,10.904823303222656,0
3634.8324637413025,-1.6407253082275388,-29.840000000000032,19.511265507507325,9.066139221191406,0
3634.8365564346313,-1.6765895660400387,-29.559999999999945,16.30214029388428,11.057411193847656,0
3634.8414783477783,-1.5265804107666012,-29.799999999999955,17.396510563659668,10.103736877441406,0
3634.8476655483246,-1.8438411529541012,-29.91999999999996,19.896607151794434,8.707557678222656,0
3634.85098028183,-1.7383174713134764,-30.0,16.373043156433106,10.530982971191406,0
3634.8569276332855,-1.6472774322509762,-30.0,16.434697819519045,10.843788146972656,0
3634.862056493759,-1.5507198150634762,-29.940000000000055,19.209157658386232,9.600196838378906,0
3634.8755037784576,-1.6127925689697262,-29.720000000000027,18.207269383239748,9.569679260253906,0
3634.8984656333923,-1.8224605377197263,-29.720000000000027,19.640740299987794,8.684669494628906,0
3634.9105355739594,-1.5917568023681639,-30.039999999999964,17.001920719909666,10.859046936035156,0
3634.9144566059113,-1.6693477447509764,-30.399999999999977,19.42494897918701,9.012733459472656,0
3634.9185042381287,-1.8545314605712888,-29.720000000000027,16.638158207702638,10.523353576660156,0
3634.9225368499756,-1.8293575103759763,-29.720000000000027,18.937877140808105,10.126625061035156,0
3634.9275336265564,-1.7500423248291013,-29.860000000000014,18.4508053024292,9.211097717285156,0
3634.931488752365,-1.6427944000244137,-30.120000000000005,17.171471043395997,10.645423889160156,0
3634.9365587234497,-1.8917751129150389,-30.200000000000045,19.757884159851073,8.516822814941406,0
3634.9416058063507,-1.6603816802978513,-29.74000000000001,16.434697819519045,10.370765686035156,0
3634.9465465545654,-1.6224483306884763,-29.74000000000001,17.479744358825684,10.988746643066406,0
3634.9511573314667,-1.5452022369384764,-29.220000000000027,19.468107243347166,8.982215881347656,0
3634.957346200943,-1.8341853912353512,-29.519999999999982,18.648100224304198,9.142433166503906,0
3634.9623577594757,-1.7559047515869137,-29.91999999999996,16.04319070892334,11.766944885253906,0
3634.9678366184235,-1.8279781158447264,-29.840000000000032,17.7602730758667,9.813819885253906,0
3634.981513977051,-1.4420924957275387,-29.980000000000018,19.465024510192872,8.966957092285156,0
3635.0045092105865,-1.6776241119384763,-29.940000000000055,19.270812321472167,9.447608947753906,0
3635.016534090042,-1.601412564086914,-29.75999999999999,17.519819889831542,9.996925354003906,0
3635.021586418152,-1.8876369293212887,-29.720000000000027,16.65665460662842,11.690650939941406,0
3635.025774002075,-2.023507290649414,-30.139999999999986,19.986006413269042,8.348976135253906,0
3635.030851125717,-1.7203853424072262,-30.139999999999986,16.946431523132325,10.508094787597656,0
3635.035854578018,-1.8021144683837889,-30.159999999999968,17.171471043395997,10.157142639160156,0
3635.0409178733826,-1.8131496246337888,-29.75999999999999,19.085848332214354,9.432350158691406,0
3635.046515226364,-1.7314204986572264,-29.720000000000027,17.387262364196776,9.851966857910156,0
3635.050902366638,-1.8114253814697263,-29.67999999999995,16.739888401794435,11.751686096191406,0
3635.0574762821198,-1.9652278717041012,-29.899999999999977,18.940959873962402,8.921180725097656,0
3635.0615339279175,-1.8114253814697263,-29.899999999999977,16.995755253601075,10.759864807128906,0
3635.0664784908295,-1.7252132232666013,-29.82000000000005,17.291697636413573,10.309730529785156,0
3635.071482181549,-1.7096950347900388,-29.659999999999968,19.273895054626465,9.501014709472656,0
3635.076505422592,-1.8659114654541014,-29.659999999999968,17.48590982513428,9.928260803222656,0
3635.096559047699,-1.9086726959228513,-29.75999999999999,17.005003453063964,10.126625061035156,0
3635.116570711136,-1.8234950836181638,-30.059999999999945,20.232625065612794,8.532081604003906,0
3635.12553524971,-1.8590144927978514,-29.899999999999977,18.515542698669435,9.493385314941406,0
3635.1285371780396,-1.6414150054931638,-29.779999999999973,16.533345280456544,10.530982971191406,0
3635.1325328350067,-1.7310756500244138,-29.779999999999973,18.857726078796386,10.118995666503906,0
3635.136557817459,-1.7310756500244138,-29.960000000000036,17.44275156097412,9.935890197753906,0
3635.141560792923,-1.8483241851806638,-30.25999999999999,16.462442417907717,11.606727600097656,0
3635.1466147899628,-1.9328121002197263,-30.379999999999995,19.93976541595459,8.539710998535156,0
3635.1516029834747,-1.6876247222900387,-30.379999999999995,17.239291172790526,10.836158752441406,0
3635.156532049179,-1.6952113922119139,-29.559999999999945,16.804625798034667,10.279212951660156,0
3635.1623299121857,-1.8597041900634763,-29.379999999999995,18.472384434509276,10.485206604003906,0
3635.1675012111664,-1.7828029449462888,-29.600000000000023,19.008780003356932,9.020362854003906,0
3635.17134308815,-1.8086665924072263,-29.879999999999995,16.450111485290527,11.805091857910156,0
3635.1775603294373,-1.7983211334228513,-29.879999999999995,18.598776493835448,9.241615295410156,0
3635.181563615799,-1.7890102203369138,-29.840000000000032,17.53215082244873,10.576759338378906,0
3635.1864948272705,-1.7090053375244139,-29.700000000000045,16.853949528503417,10.477577209472656,0
3635.2004945278168,-1.8028041656494138,-29.480000000000018,17.448917027282715,11.446510314941406,0
3635.2245314121246,-1.566927700805664,-29.659999999999968,16.206575566101073,10.897193908691406,0
3635.2357494831085,-1.8024593170166012,-29.960000000000036,19.569837437438967,8.425270080566406,0
3635.2387952804565,-1.7365932281494139,-30.059999999999945,15.762661991882323,11.919532775878906,0
3635.2418007850647,-1.7138332183837888,-29.82000000000005,19.008780003356932,9.333168029785156,0
3635.245866537094,-1.7310756500244138,-29.82000000000005,16.484021549987794,10.309730529785156,0
3635.250874519348,-1.8110805328369137,-30.159999999999968,19.304722386169434,9.493385314941406,0
3635.25750541687,-1.6617610748291012,-30.019999999999982,18.88238794403076,8.921180725097656,0
3635.2616035938263,-1.7531459625244137,-29.779999999999973,16.385374089050295,11.942420959472656,0
3635.2661447525024,-1.7914241607666013,-29.940000000000055,19.65307123260498,8.585487365722656,0
3635.272535085678,-1.6983150299072263,-29.940000000000055,19.19990945892334,9.073768615722656,0
3635.276547193527,-1.6479671295166012,-29.899999999999977,16.816956730651857,10.431800842285156,0
3635.281667470932,-1.7024532135009762,-29.539999999999964,19.045772801208496,9.951148986816406,0
3635.285670518875,-1.8307369049072262,-29.720000000000027,18.367571507263182,9.111915588378906,0
3635.2916736602783,-1.6700374420166013,-30.059999999999945,15.821233921813965,11.965309143066406,0
3635.3115589618683,-1.6634853179931637,-30.019999999999982,18.940959873962402,9.752784729003906,0
3635.331630706787,-1.5883083160400389,-30.019999999999982,20.050743809509278,8.783851623535156,0
3635.341639280319,-1.6524501617431637,-30.200000000000045,17.667791081237795,10.492835998535156,0
3635.3464934825897,-1.6407253082275388,-29.899999999999977,18.524790898132323,9.241615295410156,0
3635.351574897766,-1.7538356597900389,-30.25999999999999,16.22198923187256,11.484657287597656,0
3635.3557319641113,-1.7983211334228513,-30.360000000000014,18.561783695983888,9.157691955566406,0
3635.3608899116516,-1.5400295074462889,-30.360000000000014,18.71592035369873,9.645973205566406,0
3635.365964651108,-1.553133755493164,-29.41999999999996,16.425449620056153,10.645423889160156,0
3635.371596813202,-1.7600429351806637,-29.41999999999996,18.38298517303467,9.920631408691406,0
3635.375687122345,-1.6752101715087888,-29.899999999999977,18.72516855316162,8.829627990722656,0
3635.380838871002,-1.6065852935791014,-29.91999999999996,16.06168710784912,11.652503967285156,0
3635.3866307735443,-1.7296962554931639,-30.039999999999964,18.21343484954834,9.676490783691406,0
3635.391179084778,-1.6472774322509762,-30.039999999999964,18.860808811950683,9.256874084472656,0
3635.397545814514,-1.5041652496337887,-29.600000000000023,16.915604191589356,10.218177795410156,0
3635.40229511261,-1.5431331451416013,-29.620000000000005,17.03891351776123,11.202369689941406,0
3635.4225430488586,-1.6755550201416012,-29.74000000000001,19.819538822937012,8.760963439941406,0
3635.442111492157,-1.9241908843994138,-30.200000000000045,17.772604008483885,9.493385314941406,0
3635.4511172771454,-1.6410701568603512,-29.720000000000027,19.5359273727417,9.027992248535156,0
3635.4542422294617,-1.6448634918212888,-30.139999999999986,17.341021366882323,9.996925354003906,0
3635.4572489261627,-1.8010799224853513,-29.960000000000036,17.12831277923584,10.233436584472656,0
3635.462434053421,-1.7600429351806637,-29.960000000000036,17.075906315612794,10.538612365722656,0
3635.4665400981903,-1.5689967926025388,-30.100000000000023,19.193743992614746,9.043251037597656,0
3635.4711015224457,-1.7127986724853512,-29.940000000000055,16.650489140319824,10.744606018066406,0
3635.4775269031525,-1.8397029693603513,-29.940000000000055,17.202298374938966,11.263404846191406,0
3635.4815018177032,-1.6224483306884763,-29.860000000000014,19.511265507507325,8.921180725097656,0
3635.4865498542786,-1.5065791900634764,-29.639999999999986,16.511766148376466,10.576759338378906,0
3635.491557121277,-1.7107295806884764,-29.720000000000027,17.58147455291748,10.149513244628906,0
3635.4965693950653,-1.6707271392822263,-29.82000000000005,19.014945469665527,9.241615295410156,0
3635.501571416855,-1.7610774810791012,-30.100000000000023,17.078989048767088,10.256324768066406,0
3635.506545305252,-1.6365871246337889,-29.75999999999999,17.03891351776123,10.584388732910156,0
3635.5124719142914,-1.9269496734619138,-29.75999999999999,19.44344537811279,8.921180725097656,0
3635.516489505768,-1.5262355621337889,-29.960000000000036,16.816956730651857,10.393653869628906,0
3635.5354993343353,-1.6045162017822263,-29.82000000000005,18.404564305114747,9.882484436035156,0
3635.5565271377563,-1.6290004547119137,-29.840000000000032,19.008780003356932,9.867225646972656,0
3635.564805984497,-1.7041774566650387,-29.860000000000014,18.299751377868652,9.584938049316406,0
3635.5681648254395,-1.5903774078369137,-30.299999999999955,16.443946018981933,11.332069396972656,0
3635.572344303131,-1.7769405181884763,-29.379999999999995,19.153668461608888,9.066139221191406,0
3635.5774676799774,-1.6779689605712889,-29.379999999999995,18.14253198699951,10.271583557128906,0
3635.581609249115,-1.7383174713134764,-29.659999999999968,17.37493143157959,10.271583557128906,0
3635.585611104965,-1.6993495758056638,-29.960000000000036,18.999531803894044,9.790931701660156,0
3635.5906867980957,-1.7959071929931638,-29.899999999999977,17.464330693054197,9.951148986816406,0
3635.5956904888153,-1.7303859527587888,-29.899999999999977,16.773798466491698,11.118446350097656,0
3635.600711107254,-1.8093562896728512,-29.899999999999977,19.649988499450682,8.974586486816406,0
3635.6064698696136,-1.5569270904541013,-29.5,16.94026605682373,10.607276916503906,0
3635.612453699112,-1.7993556793212888,-29.399999999999977,16.80154306488037,10.500465393066406,0
3635.6174676418304,-1.9110866363525387,-29.840000000000032,18.43230890350342,10.477577209472656,0
3635.6213386058807,-1.8093562896728512,-30.139999999999986,17.717114811706544,9.775672912597656,0
3635.6414477825165,-1.6093440826416012,-30.139999999999986,17.035830784606933,10.439430236816406,0
3635.6624631881714,-1.8186672027587887,-30.039999999999964,18.820733280944825,9.348426818847656,0
3635.6724717617035,-1.7538356597900389,-30.120000000000005,16.468607884216308,10.607276916503906,0
3635.6764748096466,-1.8648769195556638,-29.75999999999999,19.005697270202635,9.897743225097656,0
3635.6814777851105,-1.8869472320556637,-29.980000000000018,17.892830601501466,9.638343811035156,0
3635.686480998993,-1.8886714752197262,-30.299999999999955,16.48710428314209,11.950050354003906,0
3635.691484451294,-1.7786647613525388,-30.299999999999955,19.551341038513183,8.654151916503906,0
3635.6964876651764,-1.6793483551025388,-29.600000000000023,17.322524967956543,11.469398498535156,0
3635.7014911174774,-1.8197017486572262,-29.600000000000023,17.183801976013182,10.218177795410156,0
3635.7065029144287,-1.8886714752197262,-29.840000000000032,18.984118138122557,9.729896545410156,0
3635.7114973068237,-1.8634975250244137,-30.0,17.732528477478027,9.623085021972656,0
3635.7165009975433,-1.8500484283447263,-29.840000000000032,16.730640202331543,11.797462463378906,0
3635.721504688263,-1.9252254302978513,-29.840000000000032,19.77329782562256,8.631263732910156,0
3635.726514816284,-1.6910732086181637,-29.879999999999995,17.230042973327638,11.004005432128906,0
3635.731514453888,-1.7634914215087887,-29.58000000000004,17.251622105407716,10.324989318847656,0
3635.7365124225616,-1.9748836334228514,-29.940000000000055,19.1413375289917,9.546791076660156,0
3635.755524158478,-1.7252132232666013,-30.32000000000005,15.93529504852295,11.866127014160156,0
3635.7755255699158,-1.6883144195556639,-30.08000000000004,17.667791081237795,10.752235412597656,0
3635.7837719917297,-1.5603755767822263,-30.059999999999945,16.163417301940918,11.507545471191406,0
3635.7879333496094,-1.6724513824462888,-29.58000000000004,19.677733097839354,9.172950744628906,0
3635.793492078781,-1.6214137847900387,-29.58000000000004,17.31327676849365,10.294471740722656,0
3635.7975475788116,-1.6959010894775388,-29.980000000000018,18.55870096282959,9.981666564941406,0
3635.8010020256042,-1.7241786773681638,-30.039999999999964,17.797265873718263,9.638343811035156,0
3635.807538509369,-1.7641811187744139,-29.940000000000055,15.89521951751709,11.889015197753906,0
3635.811539173126,-1.7041774566650387,-29.440000000000055,19.884276219177245,8.760963439941406,0
3635.817546606064,-1.5903774078369137,-29.440000000000055,18.86389154510498,9.394203186035156,0
3635.8210175037384,-1.7676296051025389,-29.58000000000004,16.804625798034667,10.408912658691406,0
3635.8274989128113,-1.7872859771728513,-30.200000000000045,18.456970768737794,10.157142639160156,0
3635.831530570984,-1.6979701812744137,-30.17999999999995,17.79110040740967,9.501014709472656,0
3635.8365473747253,-1.6865901763916014,-29.980000000000018,16.286726628112792,12.011085510253906,0
3635.8415524959564,-1.8803951080322263,-29.75999999999999,19.50510004119873,8.577857971191406,0
3635.855516910553,-1.8569454010009763,-29.75999999999999,18.968704472351074,9.745155334472656,0
3635.8795218467712,-1.7424556549072263,-29.720000000000027,19.19990945892334,9.264503479003906,0
3635.891257762909,-1.7772853668212887,-30.059999999999945,17.732528477478027,9.424720764160156,0
3635.896820783615,-1.6465877349853513,-30.059999999999945,16.533345280456544,10.859046936035156,0
3635.901498556137,-1.6148616607666013,-29.879999999999995,19.227654057312012,8.989845275878906,0
3635.9065907001495,-1.6541744049072262,-29.779999999999973,17.7602730758667,9.905372619628906,0
3635.911596298218,-1.7376277740478512,-29.899999999999977,16.43778055267334,10.630165100097656,0
3635.917229652405,-1.6717616851806638,-30.019999999999982,18.207269383239748,10.561500549316406,0
3635.922445297241,-1.6089992340087889,-29.980000000000018,19.0426900680542,9.058509826660156,0
3635.9275164604187,-1.7290065582275387,-29.91999999999996,16.91252145843506,10.881935119628906,0
3635.931545495987,-1.6441737945556638,-29.82000000000005,18.984118138122557,9.295021057128906,0
3635.935943841934,-1.6217586334228513,-29.82000000000005,18.235013981628416,9.897743225097656,0
3635.941931962967,-1.7090053375244139,-29.899999999999977,16.345298558044433,10.744606018066406,0
3635.94748544693,-1.7979762847900387,-30.139999999999986,18.019222660827637,10.180030822753906,0
3635.9515478610992,-1.6290004547119137,-30.059999999999945,18.392233372497557,9.295021057128906,0
3635.965484380722,-1.6886592681884762,-29.620000000000005,16.8724459274292,11.164222717285156,0
3635.9888319969177,-1.7576289947509762,-29.620000000000005,19.42803171234131,8.890663146972656,0
3636.0007717609406,-1.6421047027587887,-29.980000000000018,16.0832662399292,11.110816955566406,0
3636.0038170814514,-1.7359035308837887,-30.019999999999982,18.777575016784667,9.783302307128906,0
3636.007519721985,-1.8597041900634763,-30.019999999999982,17.596888218688964,10.172401428222656,0
3636.0115938186646,-1.7110744293212887,-30.019999999999982,18.63885202484131,9.157691955566406,0
3636.016601085663,-1.6396907623291013,-30.159999999999968,16.332967625427248,11.454139709472656,0
3636.021595478058,-1.4824397857666014,-30.159999999999968,18.598776493835448,9.478126525878906,0
3636.025818347931,-1.5593410308837887,-29.399999999999977,18.38915063934326,9.729896545410156,0
3636.0314853191376,-1.6593471343994137,-29.659999999999968,16.20965829925537,11.164222717285156,0
3636.0365529060364,-1.7296962554931639,-30.039999999999964,18.879305210876463,9.821449279785156,0
3636.0408174991608,-1.6786586578369138,-30.100000000000023,18.151780186462403,9.501014709472656,0
3636.0468792915344,-1.7134883697509762,-30.039999999999964,17.18688470916748,10.355506896972656,0
3636.0518896579742,-1.5852046783447262,-29.659999999999968,17.097485447692872,10.828529357910156,0
3636.0575609207153,-1.546236782836914,-29.659999999999968,19.600664768981932,8.829627990722656,0
3636.070437192917,-1.6790035064697262,-29.639999999999986,17.21771204071045,9.752784729003906,0
3636.0932309627533,-1.8117702301025387,-30.120000000000005,17.627715550231933,10.653053283691406,0
3636.1055223941803,-1.6262416656494139,-29.620000000000005,17.152974644470216,10.859046936035156,0
3636.108785390854,-1.6893489654541012,-30.220000000000027,18.916298008728027,8.875404357910156,0
3636.113465309143,-1.7476283843994138,-29.600000000000023,16.38845682220459,12.117897033691406,0
3636.117473602295,-1.8441860015869138,-29.899999999999977,19.85961435394287,8.616004943847656,0
3636.1214883327484,-1.6938319976806637,-29.899999999999977,15.966122380065919,11.461769104003906,0
3636.128478527069,-1.8617732818603512,-30.120000000000005,16.88169412689209,10.660682678222656,0
3636.1324865818024,-1.6883144195556639,-29.860000000000014,19.233819523620607,9.729896545410156,0
3636.1364891529083,-1.7596980865478513,-29.799999999999955,16.48710428314209,10.889564514160156,0
3636.141505241394,-1.5707210357666013,-29.799999999999955,18.5463700302124,9.729896545410156,0
3636.1474838256836,-1.8069423492431638,-29.799999999999955,19.875028019714357,8.654151916503906,0
3636.150985956192,-1.8248744781494137,-29.980000000000018,16.03394250946045,11.644874572753906,0
3636.1574976444244,-1.9300533111572262,-30.25999999999999,17.8589205368042,9.745155334472656,0
3636.1615002155304,-1.5579616363525388,-29.960000000000036,18.198021183776856,10.019813537597656,0
3636.1665036678314,-1.6786586578369138,-29.659999999999968,16.533345280456544,10.942970275878906,0
3636.187515974045,-1.9121211822509763,-29.659999999999968,17.94831979827881,9.829078674316406,0
3636.207530736923,-1.8483241851806638,-29.91999999999996,19.82262155609131,8.585487365722656,0
3636.2165195941925,-1.8759120758056638,-29.91999999999996,19.51743097381592,9.096656799316406,0
3636.2215712070465,-1.7486629302978514,-29.960000000000036,18.29050317840576,9.729896545410156,0
3636.2265927791595,-1.7979762847900387,-29.899999999999977,16.89094232635498,10.828529357910156,0
3636.2307410240173,-1.6062404449462888,-29.639999999999986,18.580280094909668,10.584388732910156,0
3636.235803604126,-1.7576289947509762,-29.639999999999986,19.014945469665527,9.012733459472656,0
3636.2408788204193,-1.9090175445556639,-29.879999999999995,15.633187199401856,12.049232482910156,0
3636.246104955673,-1.8197017486572262,-30.139999999999986,19.255398655700684,9.035621643066406,0
3636.2521200180054,-1.7548702056884762,-30.059999999999945,19.34788065032959,9.638343811035156,0
3636.256821870804,-1.8859126861572262,-29.899999999999977,16.80154306488037,10.271583557128906,0
3636.2612035274506,-1.6907283599853513,-29.74000000000001,18.37065424041748,10.523353576660156,0
3636.2666280269623,-1.6983150299072263,-29.74000000000001,19.409535313415528,8.883033752441406,0
3636.2719354629517,-1.9255702789306637,-29.639999999999986,16.456276951599122,11.293922424316406,0
3636.276274204254,-1.9548824127197262,-30.100000000000023,19.036524601745604,9.233985900878906,0
3636.296512365341,-1.7452144439697264,-30.139999999999986,19.847283421325685,8.760963439941406,0
3636.3159685134888,-1.6996944244384762,-29.879999999999995,16.681316471862793,10.805641174316406,0
3636.3261153697968,-1.8983272369384763,-30.17999999999995,19.736305027770996,8.677040100097656,0
3636.329162120819,-1.7424556549072263,-29.600000000000023,17.230042973327638,10.775123596191406,0
3636.3332393169403,-1.6762447174072264,-30.08000000000004,18.879305210876463,9.432350158691406,0
3636.3384280204773,-1.6031368072509764,-30.08000000000004,15.926046849060059,11.110816955566406,0
3636.3424150943756,-1.7331447418212889,-30.220000000000027,19.283143254089357,9.386573791503906,0
3636.3474822044373,-1.7093501861572262,-29.899999999999977,17.43350336151123,9.752784729003906,0
3636.3515334129333,-1.6703822906494137,-29.899999999999977,17.695535679626463,11.362586975097656,0
3636.3565459251404,-1.7665950592041013,-29.74000000000001,19.656153965759277,8.753334045410156,0
3636.361940383911,-1.8776363189697263,-30.019999999999982,17.282449436950685,10.355506896972656,0
3636.366790533066,-1.6786586578369138,-30.24000000000001,16.65357187347412,10.248695373535156,0
3636.3715348243713,-1.6741756256103513,-29.940000000000055,19.014945469665527,9.882484436035156,0
3636.37753367424,-1.8383235748291014,-29.720000000000027,17.846589604187013,9.531532287597656,0
3636.381539583206,-1.8365993316650389,-29.940000000000055,17.525985356140136,11.591468811035156,0
3636.386499404907,-1.7448695953369138,-29.940000000000055,19.7301395614624,8.707557678222656,0
3636.3915452957153,-1.8183223541259763,-30.019999999999982,16.055521641540526,11.652503967285156,0
3636.411340236664,-1.7186610992431637,-30.059999999999945,17.300945835876465,11.621986389160156,0
3636.431516647339,-1.7317653472900387,-30.100000000000023,19.468107243347166,9.783302307128906,0
3636.4403529167175,-1.6786586578369138,-30.019999999999982,18.287420445251463,10.576759338378906,0
3636.4434764385223,-1.5455470855712887,-29.600000000000023,17.005003453063964,11.385475158691406,0
3636.4474790096283,-1.6921077545166012,-29.82000000000005,19.418783512878417,9.081398010253906,0
3636.451481819153,-1.7638362701416013,-29.82000000000005,16.373043156433106,11.286293029785156,0
3636.456485748291,-1.6314143951416014,-30.460000000000036,17.048161717224122,9.935890197753906,0
3636.4614882469177,-1.7269374664306638,-30.100000000000023,19.649988499450682,9.256874084472656,0
3636.466516494751,-1.7907344635009763,-29.75999999999999,16.89402505950928,10.180030822753906,0
3636.472503900528,-1.5917568023681639,-29.75999999999999,15.722586460876466,12.362037658691406,0
3636.4765191078186,-1.6776241119384763,-29.480000000000018,20.192549534606933,8.432899475097656,0
3636.481538772583,-1.7745265777587889,-29.75999999999999,16.52717981414795,11.263404846191406,0
3636.4865357875824,-1.7614223297119138,-30.279999999999973,17.045078984069825,10.080848693847656,0
3636.4916384220123,-1.6452083404541014,-30.100000000000023,19.45577631072998,9.371315002441406,0
3636.4966259002686,-1.6796932037353514,-29.879999999999995,17.085154515075683,10.294471740722656,0
3636.511533021927,-1.6817622955322262,-29.720000000000027,16.65665460662842,10.942970275878906,0
3636.535496234894,-1.8569454010009763,-29.720000000000027,19.045772801208496,9.043251037597656,0
3636.5467731952667,-1.6124477203369139,-30.159999999999968,15.932212315368652,11.400733947753906,0
3636.5514962673187,-1.7245235260009764,-30.120000000000005,19.918186283874512,8.959327697753906,0
3636.5557568073273,-1.6031368072509764,-29.879999999999995,16.30214029388428,10.622535705566406,0
3636.5615134239197,-1.6041713531494137,-29.879999999999995,17.260870304870604,11.271034240722656,0
3636.567306995392,-1.7834926422119137,-29.860000000000014,19.129006596374513,9.462867736816406,0
3636.5725128650665,-1.7865962799072264,-30.139999999999986,18.247344914245605,9.638343811035156,0
3636.5765404701233,-1.5683070953369138,-30.08000000000004,17.57222635345459,10.714088439941406,0
3636.5815875530243,-1.6127925689697262,-29.67999999999995,19.90277261810303,9.165321350097656,0
3636.5864589214325,-1.6845210845947263,-29.700000000000045,16.493269749450683,10.408912658691406,0
3636.591466665268,-1.6386562164306637,-29.700000000000045,16.897107792663576,11.507545471191406,0
3636.5964744091034,-1.6100337799072264,-29.980000000000018,19.785628758239746,8.821998596191406,0
3636.601560115814,-1.7410762603759762,-29.980000000000018,16.903273258972167,10.355506896972656,0
3636.606538295746,-1.7014186676025387,-30.17999999999995,16.63507547454834,10.530982971191406,0
3636.6115353107452,-1.5783077056884762,-29.799999999999955,19.7332222946167,9.287391662597656,0
3636.6265308856964,-1.6093440826416012,-29.799999999999955,19.674650364685057,8.905921936035156,0
3636.6518206596375,-1.5534786041259763,-29.460000000000036,16.163417301940918,11.209999084472656,0
3636.6608984470367,-1.8007350738525387,-30.039999999999964,17.1683883102417,10.431800842285156,0
3636.6660628318787,-1.7000392730712888,-30.24000000000001,16.59499994354248,11.293922424316406,0
3636.6721320152283,-1.8552211578369138,-30.360000000000014,19.37562524871826,8.936439514160156,0
3636.677515745163,-1.6355525787353513,-29.960000000000036,18.41381250457764,9.829078674316406,0
3636.6815133094788,-1.4931300933837888,-29.620000000000005,16.857032261657714,11.698280334472656,0
3636.6865854263306,-1.6634853179931637,-29.620000000000005,19.72397409515381,8.966957092285156,0
3636.6909029483795,-1.8597041900634763,-29.840000000000032,17.171471043395997,10.447059631347656,0
3636.696482896805,-1.6676235015869139,-30.24000000000001,16.363794956970214,11.362586975097656,0
3636.7016158103943,-1.6907283599853513,-30.139999999999986,20.189466801452635,8.738075256347656,0
3636.7075357437134,-1.6721065338134762,-29.840000000000032,18.574114628601073,9.737525939941406,0
3636.7115387916565,-1.6890041168212888,-29.75999999999999,16.709061070251465,11.148963928222656,0
3636.716541528702,-1.5896877105712888,-29.75999999999999,19.529761906433105,9.279762268066406,0
3636.7355546951294,-1.553133755493164,-29.899999999999977,16.286726628112792,10.965858459472656,0
3636.7555129528046,-1.6169307525634762,-30.139999999999986,17.310194035339354,10.584388732910156,0
3636.7645211219788,-1.5803767974853513,-29.82000000000005,15.981536045837402,11.049781799316406,0
3636.7673196792603,-1.6586574371337888,-29.860000000000014,18.89471887664795,9.882484436035156,0
3636.7719643115997,-1.7417659576416014,-29.860000000000014,16.26823022918701,10.752235412597656,0
3636.776542663574,-1.9514339263916012,-29.860000000000014,19.202992192077637,9.951148986816406,0
3636.7815523147583,-1.9135005767822262,-30.460000000000036,18.349075108337402,9.378944396972656,0
3636.7855966091156,-1.6455531890869137,-30.25999999999999,15.959956913757324,12.278114318847656,0
3636.790718317032,-1.8131496246337888,-29.67999999999995,19.68389856414795,8.814369201660156,0
3636.7965955734253,-1.7641811187744139,-29.539999999999964,17.683204747009277,10.279212951660156,0
3636.8015809059143,-1.6983150299072263,-29.539999999999964,16.6751510055542,10.790382385253906,0
3636.806539297104,-1.7393520172119137,-29.879999999999995,18.90396707611084,10.324989318847656,0
3636.812508583069,-1.9590205963134764,-30.159999999999968,19.856531620788573,8.600746154785156,0
3636.8165080547333,-1.7152126129150387,-30.17999999999995,16.06168710784912,11.927162170410156,0
3636.8215374946594,-1.6972804840087887,-29.639999999999986,19.350963383483887,9.066139221191406,0
3636.827332496643,-1.7234889801025388,-29.58000000000004,19.190661259460448,9.951148986816406,0
3636.8415365219116,-1.7231441314697262,-29.58000000000004,18.52787363128662,9.317909240722656,0
3636.863817214966,-1.6276210601806638,-29.75999999999999,19.05502100067139,9.310279846191406,0
3636.8765115737915,-1.7121089752197263,-29.779999999999973,16.91252145843506,12.239967346191406,0
3636.8815155029297,-1.9135005767822262,-30.25999999999999,19.252315922546387,9.066139221191406,0
3636.88649559021,-1.7203853424072262,-29.82000000000005,18.26275858001709,10.149513244628906,0
3636.8915796279907,-1.6852107818603512,-29.82000000000005,16.36996042327881,10.752235412597656,0
3636.8965713977814,-1.9424678619384763,-29.860000000000014,18.41072977142334,10.736976623535156,0
3636.9009647369385,-1.9076381500244137,-30.139999999999986,19.162916661071776,8.989845275878906,0
3636.906153678894,-1.7348689849853514,-30.139999999999986,15.882888584899902,12.056861877441406,0
3636.9124462604523,-1.7962520416259762,-29.940000000000055,17.510571690368653,9.966407775878906,0
3636.917555332184,-1.7634914215087887,-29.840000000000032,19.144420262145996,9.829078674316406,0
3636.9215381145477,-1.6831416900634764,-29.700000000000045,16.6751510055542,10.622535705566406,0
3636.926619529724,-1.8566005523681637,-29.700000000000045,18.27200677947998,11.164222717285156,0
3636.9315044879913,-1.9224666412353513,-29.980000000000018,19.42803171234131,8.921180725097656,0
3636.936539411545,-1.8297023590087889,-30.08000000000004,16.163417301940918,12.056861877441406,0
3636.9505546092987,-1.7365932281494139,-29.860000000000014,16.84470132904053,10.683570861816406,0
3636.974510192871,-1.5683070953369138,-29.620000000000005,16.09867990570068,11.599098205566406,0
3636.9863061904907,-1.9169490631103512,-30.039999999999964,18.148697453308106,10.637794494628906,0
3636.989357471466,-1.9252254302978513,-30.08000000000004,16.742971134948732,10.492835998535156,0
3636.9934780597687,-1.6583125885009762,-30.08000000000004,18.759078617858886,9.668861389160156,0
3636.9965193271637,-1.7248683746337887,-29.960000000000036,16.126424504089357,12.049232482910156,0
3637.001487493515,-1.8397029693603513,-29.960000000000036,18.60802469329834,9.501014709472656,0
3637.0065762996674,-1.7848720367431639,-29.980000000000018,18.530956364440918,9.813819885253906,0
3637.0108308792114,-1.6700374420166013,-29.980000000000018,16.484021549987794,10.645423889160156,0
3637.0157883167267,-1.7914241607666013,-29.860000000000014,18.47854990081787,10.691200256347656,0
3637.0206496715546,-1.8155635650634763,-29.860000000000014,19.221488591003418,8.760963439941406,0
3637.0259387493134,-1.6089992340087889,-29.860000000000014,16.94026605682373,12.270484924316406,0
3637.0309431552887,-1.7069362457275388,-29.5,18.879305210876463,9.623085021972656,0
3637.037083387375,-1.7903896148681637,-29.58000000000004,19.458859043884278,9.340797424316406,0
3637.0421900749207,-1.7134883697509762,-29.58000000000004,17.0697408493042,10.286842346191406,0
3637.060779809952,-1.6069301422119138,-29.91999999999996,19.00261453704834,9.432350158691406,0
3637.080986261368,-1.7069362457275388,-29.879999999999995,19.079682865905763,9.027992248535156,0
3637.0900659561157,-1.8434963043212889,-29.860000000000014,19.61607843475342,8.730445861816406,0
3637.0930778980255,-1.6431392486572263,-29.879999999999995,16.943348789978028,11.675392150878906,0
3637.0975065231323,-1.608309536743164,-29.700000000000045,19.816456089782715,9.317909240722656,0
3637.101105928421,-1.5721004302978514,-29.91999999999996,16.262064762878417,10.790382385253906,0
3637.107508659363,-1.9055690582275389,-29.91999999999996,16.983424320983886,11.141334533691406,0
3637.112505197525,-1.6976253326416013,-30.25999999999999,19.301639653015137,8.974586486816406,0
3637.116518974304,-1.570376187133789,-29.91999999999996,16.25281656341553,11.950050354003906,0
3637.120838165283,-1.5934810455322264,-29.58000000000004,18.17335931854248,9.768043518066406,0
3637.1265840530396,-1.7390071685791013,-29.639999999999986,18.968704472351074,9.333168029785156,0
3637.131620168686,-1.5834804351806637,-29.639999999999986,16.425449620056153,10.660682678222656,0
3637.137510061264,-1.7000392730712888,-29.840000000000032,16.761467533874512,11.400733947753906,0
3637.140844345093,-1.7893550689697262,-30.019999999999982,19.085848332214354,8.821998596191406,0
3637.1458818912506,-1.6490016754150387,-29.879999999999995,16.326802159118653,11.652503967285156,0
3637.1518828868866,-1.6089992340087889,-29.980000000000018,16.30214029388428,11.103187561035156,0
3637.156886577606,-1.6424495513916013,-29.600000000000023,19.609912968444824,9.218727111816406,0
3637.170834302902,-1.6458980377197263,-29.799999999999955,19.304722386169434,8.989845275878906,0
3637.1965072155,-1.7893550689697262,-29.799999999999955,18.09629098968506,10.439430236816406,0
3637.2090137004852,-1.8783260162353512,-29.980000000000018,20.03533014373779,8.539710998535156,0
3637.212093114853,-1.7400417144775389,-29.779999999999973,16.24048563079834,11.774574279785156,0
3637.2171700000763,-1.7017635162353513,-29.960000000000036,20.044578343200683,8.791481018066406,0
3637.2225074768066,-1.6976253326416013,-29.960000000000036,17.21771204071045,10.454689025878906,0
3637.227503299713,-1.8576350982666012,-30.24000000000001,16.820039463806154,10.843788146972656,0
3637.2325088977814,-1.6448634918212888,-30.17999999999995,19.418783512878417,9.264503479003906,0
3637.237315893173,-1.6058955963134762,-30.17999999999995,17.8589205368042,9.905372619628906,0
3637.2424488067627,-1.508303433227539,-29.25999999999999,16.84470132904053,11.507545471191406,0
3637.2475214004517,-1.7724574859619138,-29.379999999999995,19.927434483337404,8.791481018066406,0
3637.251604795456,-1.5652034576416014,-29.940000000000055,16.342215824890136,10.782752990722656,0
3637.2558574676514,-1.7634914215087887,-29.940000000000055,17.56914362030029,10.942970275878906,0
3637.261528491974,-1.7131435211181638,-30.120000000000005,19.498934574890136,8.928810119628906,0
3637.267524242401,-1.6731410797119137,-29.82000000000005,18.231931248474122,9.874855041503906,0
3637.2804815769196,-1.7393520172119137,-29.600000000000023,16.169582768249512,10.828529357910156,0
3637.303465604782,-1.7117641265869137,-29.440000000000055,16.009280644226074,12.323890686035156,0
3637.316506385803,-1.8845332916259763,-30.0,17.834258671569824,10.233436584472656,0
3637.319552898407,-1.7148677642822263,-29.82000000000005,17.365683232116698,9.928260803222656,0
3637.3234655857086,-1.8076320465087887,-30.039999999999964,17.368765965270995,11.240516662597656,0
3637.3275260925293,-1.8210811431884764,-30.039999999999964,18.682010289001465,9.226356506347656,0
3637.330615758896,-1.6431392486572263,-29.940000000000055,17.05740991668701,10.851417541503906,0
3637.335806131363,-1.7221095855712887,-29.879999999999995,19.640740299987794,8.921180725097656,0
3637.3415904045105,-1.6686580474853512,-29.82000000000005,16.58575174407959,10.958229064941406,0
3637.3465061187744,-1.8228053863525389,-29.82000000000005,17.732528477478027,10.492835998535156,0
3637.351498365402,-1.7386623199462887,-29.860000000000014,18.937877140808105,9.424720764160156,0
3637.356575012207,-1.7455592926025387,-29.840000000000032,17.208463841247557,10.141883850097656,0
3637.3616104125977,-1.6045162017822263,-29.58000000000004,16.897107792663576,10.889564514160156,0
3637.3656616210938,-1.7703883941650387,-29.879999999999995,19.785628758239746,8.867774963378906,0
3637.3706641197205,-1.7383174713134764,-29.879999999999995,16.693647404479982,10.996376037597656,0
3637.3901302814484,-1.5096828277587888,-29.940000000000055,17.751024876403807,10.088478088378906,0
3637.409777879715,-1.5741695220947263,-29.91999999999996,18.407647038269044,9.577308654785156,0
3637.4188244342804,-1.7048671539306637,-29.980000000000018,19.162916661071776,9.317909240722656,0
3637.421872615814,-1.7962520416259762,-29.720000000000027,16.095597172546388,12.369667053222656,0
3637.4265763759613,-1.8434963043212889,-30.0,19.875028019714357,8.707557678222656,0
3637.4315733909607,-1.8176326568603514,-30.0,16.749136601257323,11.362586975097656,0
3637.436573266983,-1.9552272613525388,-30.120000000000005,17.507488957214356,10.004554748535156,0
3637.4415764808655,-1.7190059478759763,-30.08000000000004,19.014945469665527,9.493385314941406,0
3637.446466445923,-1.6569331939697263,-29.539999999999964,17.202298374938966,10.233436584472656,0
3637.45157289505,-1.604861050415039,-29.24000000000001,16.86011499481201,11.469398498535156,0
3637.4565777778625,-1.8569454010009763,-29.5,19.76096689300537,8.753334045410156,0
3637.4616224765778,-1.7269374664306638,-30.139999999999986,16.718309269714357,11.408363342285156,0
3637.4666159152985,-1.8352199371337887,-30.139999999999986,17.772604008483885,10.340248107910156,0
3637.471672296524,-1.7741817291259763,-30.100000000000023,19.082765599060057,9.890113830566406,0
3637.4765310287476,-1.7683193023681638,-29.960000000000036,17.51365442352295,10.019813537597656,0
3637.4815258979797,-1.5883083160400389,-29.620000000000005,16.884776860046387,11.538063049316406,0
3637.4869813919067,-1.8065975006103512,-29.659999999999968,19.452693577575683,9.035621643066406,0
3637.5014975070953,-1.6248622711181637,-29.980000000000018,19.178330326843263,9.844337463378906,0
3637.5265049934387,-1.9672969635009763,-29.980000000000018,18.20418665008545,10.019813537597656,0
3637.537870645523,-1.6521053131103514,-29.879999999999995,19.184495793151857,9.111915588378906,0
3637.540918111801,-1.8214259918212887,-30.0,16.92793512420654,11.637245178222656,0
3637.5465059280396,-1.7810787017822263,-30.0,20.050743809509278,8.669410705566406,0
3637.5515546798706,-1.8517726715087888,-29.860000000000014,16.43778055267334,11.667762756347656,0
3637.5557720661163,-1.8676357086181639,-29.860000000000014,17.556812687683106,10.118995666503906,0
3637.5607755184174,-1.8407375152587888,-30.100000000000023,19.295474186706542,9.577308654785156,0
3637.565582036972,-1.7414211090087888,-29.899999999999977,17.189967442321777,10.180030822753906,0
3637.5715067386627,-1.7148677642822263,-29.600000000000023,16.804625798034667,11.797462463378906,0
3637.5765948295593,-1.9166042144775388,-29.639999999999986,20.04766107635498,8.661781311035156,0
3637.5816447734833,-1.8352199371337887,-29.639999999999986,16.96184518890381,11.507545471191406,0
3637.586648464203,-1.7665950592041013,-30.120000000000005,17.402676029968262,10.324989318847656,0
3637.5919938087463,-1.8624629791259764,-29.960000000000036,18.879305210876463,10.096107482910156,0
3637.6054952144623,-1.7086604888916013,-29.940000000000055,19.468107243347166,8.829627990722656,0
3637.628469467163,-1.6634853179931637,-29.74000000000001,19.227654057312012,9.264503479003906,0
3637.639812707901,-1.8234950836181638,-30.17999999999995,15.722586460876466,12.392555236816406,0
3637.6428225040436,-1.9479854400634762,-30.08000000000004,19.84111795501709,8.768592834472656,0
3637.646727323532,-1.7914241607666013,-30.159999999999968,16.09867990570068,10.996376037597656,0
3637.6507346630096,-1.5879634674072263,-30.159999999999968,19.384873448181153,9.790931701660156,0
3637.6557767391205,-1.6496913726806637,-29.639999999999986,17.14989191131592,9.600196838378906,0
3637.6614997386932,-1.7879756744384763,-29.720000000000027,16.41620142059326,12.209449768066406,0
3637.6669869422913,-1.7459041412353513,-29.58000000000004,18.817650547790528,9.439979553222656,0
3637.671854734421,-1.6065852935791014,-29.58000000000004,18.42922617034912,9.882484436035156,0
3637.675861120224,-1.6790035064697262,-29.67999999999995,17.62155008392334,10.393653869628906,0
3637.6825115680695,-1.7607326324462889,-29.899999999999977,18.916298008728027,10.218177795410156,0
3637.6865813732147,-1.6821071441650388,-30.0,17.53523355560303,9.737525939941406,0
3637.6916127204895,-1.6152065093994137,-29.620000000000005,16.14183816986084,12.110267639160156,0
3637.696879386902,-1.8024593170166012,-29.840000000000032,18.611107426452637,9.645973205566406,0
3637.7019739151,-1.6831416900634764,-30.25999999999999,19.15983392791748,9.501014709472656,0
3637.716121196747,-1.6658992584228514,-30.25999999999999,17.544481755065917,9.745155334472656,0
3637.7392857074738,-1.7272823150634762,-30.0,17.578391819763183,11.026893615722656,0
3637.751514673233,-1.6700374420166013,-29.58000000000004,16.81387399749756,11.950050354003906,0
3637.754493713379,-1.7462489898681637,-29.779999999999973,18.182607518005373,9.501014709472656,0
3637.7580733299255,-1.6845210845947263,-29.799999999999955,17.035830784606933,11.538063049316406,0
3637.762062072754,-1.7300411041259762,-30.120000000000005,18.97486993865967,9.134803771972656,0
3637.767151594162,-1.7017635162353513,-30.120000000000005,15.916798649597167,11.385475158691406,0
3637.77197766304,-1.6755550201416012,-30.24000000000001,18.89471887664795,10.080848693847656,0
3637.7768664360046,-1.4903713043212887,-29.620000000000005,18.817650547790528,9.409461975097656,0
3637.7819380760193,-1.5748592193603512,-29.399999999999977,16.274395695495606,11.667762756347656,0
3637.7871599197388,-1.6510707672119138,-29.460000000000036,18.36140604095459,9.867225646972656,0
3637.7925174236298,-1.6555537994384764,-29.460000000000036,19.104344731140138,9.241615295410156,0
3637.7966043949127,-1.6296901519775389,-29.980000000000018,16.628910008239746,11.156593322753906,0
3637.8015162944794,-1.7383174713134764,-29.940000000000055,19.89968988494873,9.211097717285156,0
3637.8065073490143,-1.6786586578369138,-30.159999999999968,17.00808618621826,9.981666564941406,0
3637.811505794525,-1.6338283355712888,-29.860000000000014,16.524097080993652,12.079750061035156,0
3637.8172430992126,-1.6655544097900388,-29.659999999999968,18.54020456390381,9.951148986816406,0
3637.8302705287933,-1.6058955963134762,-29.659999999999968,19.270812321472167,9.523902893066406,0
3637.8534677028656,-1.9410884674072262,-29.899999999999977,20.3220243270874,8.417640686035156,0
3637.865498304367,-1.5520992095947264,-29.74000000000001,16.25281656341553,10.851417541503906,0
3637.869494199753,-1.7786647613525388,-29.860000000000014,19.036524601745604,10.248695373535156,0
3637.8734941482544,-1.8017696197509763,-29.980000000000018,16.857032261657714,10.439430236816406,0
3637.877495288849,-1.6424495513916013,-30.039999999999964,18.50937723236084,10.454689025878906,0
3637.881522655487,-1.6959010894775388,-30.08000000000004,17.63079828338623,10.225807189941406,0
3637.886878967285,-1.7069362457275388,-30.08000000000004,15.69792459564209,11.866127014160156,0
3637.891207933426,-1.6503810699462889,-29.75999999999999,19.62224390106201,9.096656799316406,0
3637.896551132202,-1.422091275024414,-29.539999999999964,17.171471043395997,10.378395080566406,0
3637.9015052318573,-1.5745143707275389,-29.519999999999982,16.718309269714357,11.721168518066406,0
3637.907509326935,-1.7955623443603512,-29.700000000000045,18.01613992767334,10.759864807128906,0
3637.9114861488342,-1.7600429351806637,-30.220000000000027,17.707866612243652,10.561500549316406,0
3637.9164803028107,-1.591067105102539,-30.220000000000027,16.41003595428467,11.255775451660156,0
3637.9295086860657,-1.5431331451416013,-30.100000000000023,19.05502100067139,10.538612365722656,0
3637.9518809318542,-1.8141841705322264,-29.91999999999996,19.104344731140138,9.409461975097656,0
3637.9644935131073,-1.5524440582275387,-29.700000000000045,18.463136235046388,9.272132873535156,0
3637.9685010910034,-1.8234950836181638,-29.91999999999996,16.38845682220459,12.163673400878906,0
3637.9715752601624,-1.9755733306884762,-29.960000000000036,17.957567997741698,9.851966857910156,0
3637.976443529129,-1.8593593414306637,-29.960000000000036,17.026582585144045,12.011085510253906,0
3637.980976819992,-1.7962520416259762,-30.299999999999955,20.00758554534912,8.738075256347656,0
3637.987018108368,-1.6555537994384764,-29.74000000000001,18.89471887664795,9.882484436035156,0
3637.9922893047333,-1.7528011138916013,-29.620000000000005,16.968010655212403,10.798011779785156,0
3637.9975171089172,-1.8859126861572262,-29.879999999999995,17.797265873718263,11.339698791503906,0
3638.0015230178833,-1.8465999420166013,-29.91999999999996,18.50012903289795,9.493385314941406,0
3638.0069839954376,-1.7869411285400387,-29.91999999999996,15.69792459564209,12.049232482910156,0
3638.0117886066437,-1.9603999908447263,-29.980000000000018,18.512459965515138,9.874855041503906,0
3638.0157911777496,-1.6224483306884763,-29.879999999999995,18.043884526062012,10.157142639160156,0
3638.02140045166,-1.7048671539306637,-29.639999999999986,16.38845682220459,11.103187561035156,0
3638.0269753932953,-2.000747280883789,-29.639999999999986,17.467413426208495,11.660133361816406,0
3638.04198718071,-1.8221156890869137,-29.82000000000005,18.345992375183105,9.851966857910156,0
3638.0680027008057,-1.6176204498291014,-29.899999999999977,17.448917027282715,10.798011779785156,0
3638.0780127048492,-1.7979762847900387,-29.799999999999955,19.39720438079834,9.676490783691406,0
3638.082056283951,-1.8317714508056637,-29.720000000000027,16.823122196960448,10.485206604003906,0
3638.0871272087097,-1.8252193267822263,-30.08000000000004,17.165305577087402,11.995826721191406,0
3638.092173576355,-1.7610774810791012,-30.100000000000023,20.056909275817873,8.455787658691406,0
3638.097496509552,-1.7910793121337887,-30.100000000000023,16.323719425964356,11.675392150878906,0
3638.1011300086975,-1.7772853668212887,-29.899999999999977,19.344797917175292,9.066139221191406,0
