1537.9043521881104,0.12069702148437499,0.01999999999998181,41.32868669494629,0.08319854736328125,0
1537.906729221344,0.11828308105468749,0.01999999999998181,41.470492420043946,0.10608673095703125,0
1537.911348104477,0.12311096191406248,0.03999999999996362,41.233121967163086,0.10608673095703125,0
1537.9173519611359,0.126904296875,0.03999999999996362,41.17455003723145,0.10608673095703125,0
1537.9224240779877,0.127593994140625,0.03999999999996362,41.341017627563474,0.11371612548828125,0
1537.9254927635193,0.1293182373046875,0.03999999999996362,41.319438495483396,0.09845733642578125,0
1537.9314370155334,0.1286285400390625,0.03999999999996362,41.13755723937988,0.07556915283203125,0
1537.936440706253,0.12069702148437499,0.01999999999998181,41.30710756286621,0.11371612548828125,0
1537.9421980381012,0.127593994140625,0.01999999999998181,41.35643129333496,0.08319854736328125,0
1537.9564292430878,0.12655944824218748,0.01999999999998181,41.37801042541504,0.08319854736328125,0
1537.980314731598,0.11793823242187498,-0.12000000000000455,41.18996370300293,0.11371612548828125,0
1537.9920887947083,0.12276611328124999,0.03999999999996362,41.35951402648926,0.08319854736328125,0
1537.9953117370605,0.122076416015625,0.03999999999996362,41.2207910345459,0.07556915283203125,0
1538.000429391861,0.1203521728515625,0.03999999999996362,41.15297090515136,0.09845733642578125,0
1538.004397392273,0.12069702148437499,-0.12000000000000455,41.32868669494629,0.08319854736328125,0
1538.0083470344543,0.1238006591796875,0.03999999999996362,41.4150032232666,0.09845733642578125,0
1538.0123991966248,0.12104187011718749,0.03999999999996362,41.2146255682373,0.08319854736328125,0
1538.0173468589783,0.12069702148437499,-0.12000000000000455,41.20229463562011,0.09845733642578125,0
1538.0219876766205,0.11966247558593748,0.01999999999998181,41.34718309387207,0.08319854736328125,0
1538.027340888977,0.1203521728515625,0.03999999999996362,41.245452899780275,0.07556915283203125,0
1538.0323448181152,0.1203521728515625,0.03999999999996362,41.06357164367676,0.08319854736328125,0
1538.037347316742,0.1238006591796875,0.03999999999996362,41.3225212286377,0.09845733642578125,0
1538.0416159629822,0.12000732421874999,0.01999999999998181,41.35643129333496,0.08319854736328125,0
1538.046376466751,0.12483520507812498,0.03999999999996362,41.21154283508301,0.09845733642578125,0
1538.0514688491821,0.12483520507812498,0.03999999999996362,41.25161836608887,0.07556915283203125,0
1538.0712332725525,0.126904296875,-0.10000000000002274,41.33793489440918,0.10608673095703125,0
1538.0930888652802,0.12449035644531249,-0.10000000000002274,41.29785936340332,0.08319854736328125,0
1538.102399110794,0.1238006591796875,-0.12000000000000455,41.279362964477535,0.09845733642578125,0
1538.1074228286743,0.11655883789062499,-0.12000000000000455,41.479740619506835,0.10608673095703125,0
1538.1113905906677,0.12414550781249999,0.03999999999996362,41.242370166625975,0.09845733642578125,0
1538.1174268722534,0.12173156738281249,-0.10000000000002274,41.193046436157225,0.07556915283203125,0
1538.1212549209595,0.12276611328124999,0.03999999999996362,41.32868669494629,0.09845733642578125,0
1538.1273164749146,0.1251800537109375,0.03999999999996362,41.23620470031738,0.09845733642578125,0
1538.131754875183,0.12449035644531249,-0.12000000000000455,41.06357164367676,0.09845733642578125,0
1538.1356115341187,0.11966247558593748,0.01999999999998181,41.294776630249025,0.08319854736328125,0
1538.1408431529999,0.12000732421874999,-0.12000000000000455,41.44583055480957,0.08319854736328125,0
1538.147386789322,0.1186279296875,0.01999999999998181,41.18379823669434,0.06793975830078125,0
1538.1523370742798,0.12104187011718749,-0.12000000000000455,41.294776630249025,0.10608673095703125,0
1538.1573445796967,0.1238006591796875,-0.12000000000000455,41.467409686889646,0.08319854736328125,0
1538.1823453903198,0.12483520507812498,0.03999999999996362,41.06357164367676,0.08319854736328125,0
1538.2153792381287,0.11793823242187498,0.03999999999996362,41.06048891052246,0.09845733642578125,0
1538.2304360866547,0.126904296875,0.03999999999996362,41.180715503540036,0.06793975830078125,0
1538.234356880188,0.127593994140625,0.03999999999996362,41.2177083013916,0.11371612548828125,0
1538.2373640537262,0.12276611328124999,0.03999999999996362,41.344100360717775,0.08319854736328125,0
1538.2421259880066,0.12104187011718749,-0.12000000000000455,41.344100360717775,0.08319854736328125,0
1538.2473459243774,0.1186279296875,-0.12000000000000455,41.18379823669434,0.09845733642578125,0
1538.2523756027222,0.11828308105468749,0.01999999999998181,41.28861116394043,0.08319854736328125,0
1538.2573833465576,0.1238006591796875,-0.12000000000000455,41.46124422058105,0.09845733642578125,0
1538.261729478836,0.13000793457031248,-0.12000000000000455,41.2146255682373,0.09845733642578125,0
1538.2673077583313,0.12483520507812498,0.03999999999996362,41.196129169311526,0.08319854736328125,0
1538.272320985794,0.12414550781249999,0.03999999999996362,41.34718309387207,0.08319854736328125,0
1538.290340423584,0.11724853515624999,-0.12000000000000455,41.467409686889646,0.09845733642578125,0
1538.3194227218628,0.1238006591796875,-0.12000000000000455,41.294776630249025,0.11371612548828125,0
1538.3313138484955,0.11621398925781248,0.03999999999996362,41.1159781072998,0.06793975830078125,0
1538.3353567123413,0.128973388671875,0.03999999999996362,41.282445697631836,0.08319854736328125,0
1538.3394293785095,0.12966308593749998,-0.12000000000000455,41.36259675964355,0.12134552001953125,0
1538.3433911800385,0.126904296875,-0.12000000000000455,41.28861116394043,0.09845733642578125,0
1538.348342180252,0.12655944824218748,-0.12000000000000455,41.082068042602536,0.08319854736328125,0
1538.3522732257843,0.11586914062499999,0.03999999999996362,41.282445697631836,0.10608673095703125,0
1538.357423067093,0.1203521728515625,0.03999999999996362,41.46432695373535,0.08319854736328125,0
1538.3614134788513,0.11724853515624999,0.03999999999996362,41.23620470031738,0.09845733642578125,0
1538.367336511612,0.11655883789062499,0.03999999999996362,41.2146255682373,0.07556915283203125,0
1538.3722763061523,0.11931762695312499,0.03999999999996362,41.34718309387207,0.08319854736328125,0
1538.3773822784424,0.12414550781249999,0.03999999999996362,41.25161836608887,0.09845733642578125,0
1538.3903939723969,0.126904296875,0.03999999999996362,41.467409686889646,0.11371612548828125,0
1538.4143269062042,0.1186279296875,-0.10000000000002274,41.17455003723145,0.07556915283203125,0
1538.4263343811035,0.12311096191406248,0.03999999999996362,41.3163557623291,0.08319854736328125,0
1538.4303765296936,0.12483520507812498,0.03999999999996362,41.193046436157225,0.09845733642578125,0
1538.4340333938599,0.11793823242187498,0.03999999999996362,41.233121967163086,0.09845733642578125,0
1538.4390625953674,0.1203521728515625,0.03999999999996362,41.34718309387207,0.09845733642578125,0
1538.4413933753967,0.1203521728515625,0.03999999999996362,41.35643129333496,0.09845733642578125,0
1538.4474260807037,0.12276611328124999,0.01999999999998181,41.180715503540036,0.11371612548828125,0
1538.4514224529266,0.12173156738281249,-0.12000000000000455,41.245452899780275,0.08319854736328125,0
1538.4564266204834,0.11793823242187498,-0.12000000000000455,41.405755023803714,0.07556915283203125,0
1538.4623267650604,0.12276611328124999,-0.12000000000000455,41.20229463562011,0.10608673095703125,0
1538.4673449993134,0.122076416015625,0.03999999999996362,41.205377368774414,0.09845733642578125,0
1538.472416639328,0.12069702148437499,0.03999999999996362,41.35334856018066,0.09845733642578125,0
1538.4764213562012,0.122076416015625,0.03999999999996362,41.3132730291748,0.09845733642578125,0
1538.481344461441,0.12104187011718749,0.03999999999996362,41.10056444152832,0.07556915283203125,0
1538.4963374137878,0.1238006591796875,0.01999999999998181,41.196129169311526,0.10608673095703125,0
1538.5204088687897,0.12104187011718749,0.03999999999996362,41.30710756286621,0.09845733642578125,0
1538.5323088169098,0.11552429199218749,0.03999999999996362,41.06357164367676,0.06793975830078125,0
1538.5367357730865,0.11828308105468749,0.03999999999996362,41.3225212286377,0.08319854736328125,0
1538.5423331260681,0.1186279296875,0.03999999999996362,41.34718309387207,0.07556915283203125,0
1538.547331571579,0.12173156738281249,0.03999999999996362,41.193046436157225,0.06793975830078125,0
1538.552419424057,0.11655883789062499,0.03999999999996362,41.294776630249025,0.09845733642578125,0
1538.5574159622192,0.11793823242187498,0.01999999999998181,41.46432695373535,0.08319854736328125,0
1538.561330318451,0.11655883789062499,-0.12000000000000455,41.233121967163086,0.07556915283203125,0
1538.5668132305145,0.1186279296875,0.03999999999996362,41.2177083013916,0.08319854736328125,0
1538.5723288059235,0.12449035644531249,0.03999999999996362,41.341017627563474,0.09845733642578125,0
1538.5773408412933,0.12173156738281249,0.03999999999996362,41.23928743347168,0.10608673095703125,0
1538.5823383331299,0.12104187011718749,0.03999999999996362,41.07590257629394,0.08319854736328125,0
1538.5873210430145,0.11759338378906249,-0.12000000000000455,41.3225212286377,0.09845733642578125,0
1538.5923342704773,0.11552429199218749,0.03999999999996362,41.35643129333496,0.10608673095703125,0
1538.5973327159882,0.12069702148437499,0.03999999999996362,41.180715503540036,0.07556915283203125,0
1538.6213293075562,0.11931762695312499,0.03999999999996362,41.344100360717775,0.08319854736328125,0
1538.6573958396912,0.12104187011718749,-0.12000000000000455,41.45816148742676,0.08319854736328125,0
1538.6713058948517,0.12104187011718749,0.03999999999996362,41.33485216125488,0.07556915283203125,0
1538.6763219833374,0.122076416015625,0.03999999999996362,41.3225212286377,0.06793975830078125,0
1538.6803333759308,0.12000732421874999,-0.12000000000000455,41.193046436157225,0.07556915283203125,0
1538.685340166092,0.11242065429687499,-0.12000000000000455,41.27628023132324,0.08319854736328125,0
1538.6894340515137,0.12276611328124999,0.03999999999996362,41.36259675964355,0.09845733642578125,0
1538.6932337284088,0.12069702148437499,-0.12000000000000455,41.28552843078613,0.07556915283203125,0
1538.6973366737366,0.12449035644531249,-0.12000000000000455,41.180715503540036,0.08319854736328125,0
1538.7023332118988,0.12276611328124999,-0.12000000000000455,41.28861116394043,0.09845733642578125,0
1538.7073843479156,0.12483520507812498,0.03999999999996362,41.46124422058105,0.08319854736328125,0
1538.725995540619,0.12276611328124999,0.01999999999998181,41.3132730291748,0.07556915283203125,0
1538.7463324069977,0.122076416015625,0.01999999999998181,41.18379823669434,0.08319854736328125,0
1538.7554140090942,0.1203521728515625,0.01999999999998181,41.341017627563474,0.09845733642578125,0
1538.7584204673767,0.12069702148437499,0.01999999999998181,41.32560396179199,0.09845733642578125,0
1538.7627120018005,0.12000732421874999,0.01999999999998181,41.18996370300293,0.08319854736328125,0
1538.7684247493744,0.12449035644531249,0.01999999999998181,41.26086656555176,0.07556915283203125,0
1538.772405385971,0.12311096191406248,0.03999999999996362,41.34718309387207,0.08319854736328125,0
1538.777417898178,0.12414550781249999,0.01999999999998181,41.242370166625975,0.07556915283203125,0
1538.7821252346039,0.12483520507812498,0.01999999999998181,41.069737109985354,0.08319854736328125,0
1538.7870783805847,0.1203521728515625,0.01999999999998181,41.3225212286377,0.09845733642578125,0
1538.7917754650116,0.1293182373046875,-0.12000000000000455,41.344100360717775,0.09845733642578125,0
1538.7974171638489,0.13000793457031248,0.03999999999996362,41.180715503540036,0.06793975830078125,0
1538.801417350769,0.13345642089843748,0.03999999999996362,41.25161836608887,0.09845733642578125,0
1538.8069686889648,0.13138732910156248,0.03999999999996362,41.467409686889646,0.06793975830078125,0
1538.8124148845673,0.12966308593749998,0.03999999999996362,41.2146255682373,0.09845733642578125,0
1538.8162677288055,0.13138732910156248,0.01999999999998181,41.1221435736084,0.08319854736328125,0
1538.8513884544373,0.1272491455078125,0.01999999999998181,41.254701099243164,0.10608673095703125,0
1538.8713250160217,0.12483520507812498,0.01999999999998181,41.33485216125488,0.06793975830078125,0
1538.8804340362549,0.12069702148437499,0.01999999999998181,41.18996370300293,0.08319854736328125,0
1538.8837668895721,0.12000732421874999,-0.12000000000000455,41.23928743347168,0.09845733642578125,0
1538.8887693881989,0.11173095703125,-0.12000000000000455,41.39958955749512,0.09845733642578125,0
1538.8932354450226,0.115179443359375,0.03999999999996362,41.282445697631836,0.09845733642578125,0
1538.8963403701782,0.12311096191406248,0.03999999999996362,41.193046436157225,0.11371612548828125,0
1538.9023563861847,0.122076416015625,0.03999999999996362,41.28861116394043,0.10608673095703125,0
1538.9068007469177,0.11793823242187498,0.03999999999996362,41.467409686889646,0.09845733642578125,0
1538.9123775959015,0.12104187011718749,0.03999999999996362,41.21154283508301,0.06793975830078125,0
1538.9174191951752,0.1238006591796875,0.03999999999996362,41.2177083013916,0.09845733642578125,0
1538.922265291214,0.122076416015625,0.03999999999996362,41.344100360717775,0.07556915283203125,0
1538.9272899627686,0.11828308105468749,0.01999999999998181,41.245452899780275,0.08319854736328125,0
1538.9413523674011,0.122076416015625,0.01999999999998181,41.42425142272949,0.08319854736328125,0
1538.9653079509735,0.11966247558593748,0.01999999999998181,41.057406177368165,0.09845733642578125,0
1538.9773001670837,0.12483520507812498,0.03999999999996362,41.242370166625975,0.09845733642578125,0
1538.9813237190247,0.12276611328124999,-0.10000000000002274,41.082068042602536,0.07556915283203125,0
1538.985350370407,0.12173156738281249,-0.10000000000002274,41.28552843078613,0.11371612548828125,0
1538.989358663559,0.122076416015625,-0.10000000000002274,41.38417589172363,0.09845733642578125,0
1538.993015050888,0.12000732421874999,0.03999999999996362,41.27628023132324,0.07556915283203125,0
1538.997430562973,0.1238006591796875,0.03999999999996362,41.193046436157225,0.09845733642578125,0
1539.0008211135864,0.1251800537109375,-0.10000000000002274,41.254701099243164,0.07556915283203125,0
1539.0068814754486,0.12483520507812498,0.05999999999994543,41.467409686889646,0.07556915283203125,0
1539.012374639511,0.12311096191406248,-0.10000000000002274,41.2146255682373,0.08319854736328125,0
1539.0173289775848,0.12449035644531249,0.03999999999996362,41.2146255682373,0.07556915283203125,0
1539.0224170684814,0.11828308105468749,-0.10000000000002274,41.35334856018066,0.08319854736328125,0
1539.0274302959442,0.11621398925781248,-0.10000000000002274,41.23928743347168,0.10608673095703125,0
1539.0314183235168,0.11759338378906249,-0.10000000000002274,41.103647174682614,0.08319854736328125,0
1539.0368177890778,0.11828308105468749,0.03999999999996362,41.319438495483396,0.09845733642578125,0
1539.0504128932953,0.1238006591796875,0.03999999999996362,41.17763277038574,0.07556915283203125,0
1539.0724155902863,0.11966247558593748,0.03999999999996362,41.341017627563474,0.11371612548828125,0
1539.0843315124512,0.12655944824218748,0.03999999999996362,41.245452899780275,0.09845733642578125,0
1539.08833527565,0.1306976318359375,-0.12000000000000455,41.33485216125488,0.11371612548828125,0
1539.0922636985779,0.12449035644531249,-0.12000000000000455,41.344100360717775,0.08319854736328125,0
1539.097424507141,0.12449035644531249,0.03999999999996362,41.17763277038574,0.07556915283203125,0
1539.1014149188995,0.1238006591796875,-0.12000000000000455,41.245452899780275,0.08319854736328125,0
1539.106719493866,0.12449035644531249,-0.12000000000000455,41.45199602111816,0.09845733642578125,0
1539.1123006343842,0.12621459960937498,0.03999999999996362,41.205377368774414,0.10608673095703125,0
1539.1167142391205,0.1286285400390625,0.03999999999996362,41.2238737677002,0.07556915283203125,0
1539.1223447322845,0.13104248046875,-0.12000000000000455,41.344100360717775,0.10608673095703125,0
1539.1274192333221,0.1293182373046875,-0.12000000000000455,41.23620470031738,0.09845733642578125,0
1539.1314158439636,0.122076416015625,-0.12000000000000455,41.08823350891113,0.10608673095703125,0
1539.1355032920837,0.12311096191406248,-0.12000000000000455,41.319438495483396,0.10608673095703125,0
1539.140513420105,0.12104187011718749,-0.12000000000000455,41.39958955749512,0.09845733642578125,0
1539.1463294029236,0.12311096191406248,-0.12000000000000455,41.193046436157225,0.08319854736328125,0
1539.165321111679,0.11966247558593748,0.03999999999996362,41.054323444213864,0.09845733642578125,0
1539.1847257614136,0.11931762695312499,0.03999999999996362,41.282445697631836,0.08319854736328125,0
1539.194347858429,0.1186279296875,0.03999999999996362,41.22695650085449,0.09845733642578125,0
1539.1983087062836,0.1203521728515625,0.03999999999996362,41.057406177368165,0.09845733642578125,0
1539.2023911476135,0.1238006591796875,0.03999999999996362,41.28861116394043,0.09845733642578125,0
1539.2073256969452,0.126904296875,0.03999999999996362,41.44583055480957,0.08319854736328125,0
1539.2123293876648,0.1272491455078125,-0.12000000000000455,41.20229463562011,0.09845733642578125,0
1539.2165529727936,0.12449035644531249,-0.12000000000000455,41.22695650085449,0.08319854736328125,0
1539.2214114665985,0.127593994140625,0.03999999999996362,41.344100360717775,0.07556915283203125,0
1539.2273483276367,0.1251800537109375,-0.12000000000000455,41.23620470031738,0.08319854736328125,0
1539.2323257923126,0.126904296875,-0.12000000000000455,41.07281984313965,0.09845733642578125,0
1539.2374222278595,0.1272491455078125,-0.12000000000000455,41.319438495483396,0.08319854736328125,0
1539.2406539916992,0.12793884277343748,0.03999999999996362,41.405755023803714,0.07556915283203125,0
1539.2474100589752,0.127593994140625,0.03999999999996362,41.16530183776855,0.08319854736328125,0
1539.2523641586304,0.12104187011718749,0.03999999999996362,41.28861116394043,0.09845733642578125,0
1539.2703263759613,0.1251800537109375,0.03999999999996362,41.319438495483396,0.11371612548828125,0
1539.2896761894226,0.11828308105468749,0.03999999999996362,41.470492420043946,0.09845733642578125,0
1539.299323797226,0.122076416015625,0.03999999999996362,41.08823350891113,0.08319854736328125,0
1539.303416967392,0.12276611328124999,-0.12000000000000455,41.319438495483396,0.09845733642578125,0
1539.3073341846466,0.12104187011718749,-0.12000000000000455,41.46124422058105,0.08319854736328125,0
1539.3123471736908,0.1203521728515625,0.03999999999996362,41.21154283508301,0.10608673095703125,0
1539.3174135684967,0.12173156738281249,0.03999999999996362,41.2177083013916,0.09845733642578125,0
1539.3223428726196,0.12000732421874999,0.03999999999996362,41.35643129333496,0.09845733642578125,0
1539.3273210525513,0.122076416015625,0.03999999999996362,41.23928743347168,0.08319854736328125,0
1539.3320226669312,0.11311035156249999,-0.12000000000000455,41.07281984313965,0.09845733642578125,0
1539.337037563324,0.11173095703125,-0.12000000000000455,41.3225212286377,0.09845733642578125,0
1539.342297077179,0.11380004882812499,0.03999999999996362,41.341017627563474,0.09845733642578125,0
1539.3474152088165,0.11380004882812499,0.01999999999998181,41.17763277038574,0.08319854736328125,0
1539.3524224758148,0.11621398925781248,0.01999999999998181,41.30094209655762,0.08319854736328125,0
1539.3563296794891,0.11380004882812499,0.01999999999998181,41.442747821655274,0.07556915283203125,0
1539.3609416484833,0.11552429199218749,0.03999999999996362,41.2207910345459,0.07556915283203125,0
1539.366369485855,0.1186279296875,0.03999999999996362,41.1221435736084,0.08319854736328125,0
1539.3837444782257,0.12173156738281249,0.01999999999998181,41.23928743347168,0.08319854736328125,0
1539.40438580513,0.11552429199218749,-0.12000000000000455,41.33485216125488,0.08319854736328125,0
1539.4134418964386,0.11380004882812499,-0.12000000000000455,41.19921190246582,0.07556915283203125,0
1539.4166445732117,0.12276611328124999,0.03999999999996362,41.233121967163086,0.11371612548828125,0
1539.4207441806793,0.11793823242187498,0.03999999999996362,41.33793489440918,0.07556915283203125,0
1539.4256081581116,0.12069702148437499,0.03999999999996362,41.29785936340332,0.09845733642578125,0
1539.43079829216,0.12449035644531249,0.03999999999996362,41.07898530944824,0.08319854736328125,0
1539.4370946884155,0.12069702148437499,0.03999999999996362,41.32868669494629,0.08319854736328125,0
1539.4414443969727,0.12449035644531249,0.01999999999998181,41.33793489440918,0.10608673095703125,0
1539.4463229179382,0.12276611328124999,0.03999999999996362,41.18996370300293,0.11371612548828125,0
1539.450798034668,0.1238006591796875,0.03999999999996362,41.254701099243164,0.09845733642578125,0
1539.4566464424133,0.12173156738281249,-0.12000000000000455,41.44891328796387,0.07556915283203125,0
1539.4606506824493,0.12069702148437499,0.03999999999996362,41.2207910345459,0.10608673095703125,0
1539.4656610488892,0.1186279296875,0.03999999999996362,41.13447450622559,0.08319854736328125,0
1539.471792459488,0.12104187011718749,-0.12000000000000455,41.35334856018066,0.09845733642578125,0
1539.4848003387451,0.12311096191406248,0.03999999999996362,41.28552843078613,0.08319854736328125,0
1539.5074181556702,0.11759338378906249,0.03999999999996362,41.44891328796387,0.09845733642578125,0
1539.5194115638733,0.12483520507812498,0.03999999999996362,41.3132730291748,0.10608673095703125,0
1539.5228583812714,0.12173156738281249,-0.12000000000000455,41.470492420043946,0.11371612548828125,0
1539.5272915363312,0.1251800537109375,0.03999999999996362,41.23620470031738,0.10608673095703125,0
1539.5317389965057,0.12449035644531249,0.03999999999996362,41.07898530944824,0.08319854736328125,0
1539.5367064476013,0.12173156738281249,0.03999999999996362,41.33485216125488,0.10608673095703125,0
1539.541895866394,0.11966247558593748,0.03999999999996362,41.35334856018066,0.09845733642578125,0
1539.5473778247833,0.11966247558593748,0.03999999999996362,41.17146730407715,0.09845733642578125,0
1539.5523676872253,0.1186279296875,0.03999999999996362,41.29785936340332,0.09845733642578125,0
1539.5564069747925,0.11759338378906249,-0.12000000000000455,41.45816148742676,0.08319854736328125,0
1539.5613543987274,0.12000732421874999,-0.10000000000002274,41.2177083013916,0.07556915283203125,0
1539.5663604736328,0.12104187011718749,-0.10000000000002274,41.233121967163086,0.09845733642578125,0
1539.5723159313202,0.1203521728515625,-0.10000000000002274,41.35334856018066,0.07556915283203125,0
1539.577404499054,0.1186279296875,-0.10000000000002274,41.23620470031738,0.08319854736328125,0
1539.591447353363,0.12621459960937498,0.03999999999996362,41.40267229064941,0.08319854736328125,0
1539.6144309043884,0.12173156738281249,-0.10000000000002274,41.14063997253418,0.10608673095703125,0
1539.626281261444,0.1203521728515625,-0.12000000000000455,41.282445697631836,0.09845733642578125,0
1539.629379749298,0.11759338378906249,0.05999999999994543,41.205377368774414,0.09845733642578125,0
1539.632740497589,0.11793823242187498,0.03999999999996362,41.14988817199707,0.11371612548828125,0
1539.6384100914001,0.12276611328124999,0.03999999999996362,41.34718309387207,0.09845733642578125,0
1539.6424028873444,0.12311096191406248,0.03999999999996362,41.34718309387207,0.10608673095703125,0
1539.6474258899689,0.11621398925781248,0.03999999999996362,41.17455003723145,0.09845733642578125,0
1539.6524047851562,0.1186279296875,0.03999999999996362,41.29785936340332,0.10608673095703125,0
1539.6574158668518,0.12449035644531249,0.03999999999996362,41.45199602111816,0.11371612548828125,0
1539.6614201068878,0.12276611328124999,-0.12000000000000455,41.2207910345459,0.08319854736328125,0
1539.666374206543,0.12311096191406248,0.03999999999996362,41.143722705688475,0.07556915283203125,0
1539.672391653061,0.12173156738281249,-0.12000000000000455,41.35643129333496,0.09845733642578125,0
1539.6773371696472,0.12000732421874999,-0.12000000000000455,41.25161836608887,0.09845733642578125,0
1539.6823449134827,0.11828308105468749,0.03999999999996362,41.07898530944824,0.08319854736328125,0
1539.687348127365,0.115179443359375,0.03999999999996362,41.32868669494629,0.08319854736328125,0
1539.6923410892487,0.11414489746093749,0.03999999999996362,41.341017627563474,0.09845733642578125,0
1539.7176921367645,0.11380004882812499,-0.12000000000000455,41.26086656555176,0.09845733642578125,0
1539.758377790451,0.12104187011718749,0.03999999999996362,41.3132730291748,0.09845733642578125,0
1539.7743208408356,0.126904296875,0.03999999999996362,41.42425142272949,0.09845733642578125,0
1539.7775611877441,0.12173156738281249,-0.12000000000000455,41.2207910345459,0.07556915283203125,0
1539.7823104858398,0.11724853515624999,-0.12000000000000455,41.07281984313965,0.07556915283203125,0
1539.7873210906982,0.1238006591796875,0.03999999999996362,41.319438495483396,0.10608673095703125,0
1539.7922506332397,0.12655944824218748,0.03999999999996362,41.33485216125488,0.07556915283203125,0
1539.7972645759583,0.12483520507812498,0.03999999999996362,41.180715503540036,0.10608673095703125,0
1539.814274072647,0.12000732421874999,-0.12000000000000455,41.14988817199707,0.07556915283203125,0
1539.8443586826324,0.11655883789062499,-0.12000000000000455,41.21154283508301,0.09845733642578125,0
1539.8583681583405,0.1186279296875,0.03999999999996362,41.319438495483396,0.10608673095703125,0
1539.8622879981995,0.11793823242187498,0.03999999999996362,41.2177083013916,0.08319854736328125,0
1539.8673129081726,0.12414550781249999,0.03999999999996362,41.23620470031738,0.09845733642578125,0
1539.8719129562378,0.12621459960937498,0.03999999999996362,41.344100360717775,0.08319854736328125,0
1539.8773112297058,0.12242126464843749,0.03999999999996362,41.23928743347168,0.08319854736328125,0
1539.8822929859161,0.12173156738281249,0.03999999999996362,41.082068042602536,0.07556915283203125,0
1539.8857583999634,0.12173156738281249,0.03999999999996362,41.3132730291748,0.09845733642578125,0
1539.8923618793488,0.1186279296875,0.03999999999996362,41.341017627563474,0.07556915283203125,0
1539.8973696231842,0.1203521728515625,-0.10000000000002274,41.17455003723145,0.08319854736328125,0
1539.9023354053497,0.12000732421874999,-0.10000000000002274,41.30402482971191,0.09845733642578125,0
1539.9073288440704,0.12173156738281249,0.03999999999996362,41.442747821655274,0.06793975830078125,0
1539.912207365036,0.11724853515624999,0.03999999999996362,41.205377368774414,0.08319854736328125,0
1539.9423370361328,0.11966247558593748,-0.10000000000002274,41.344100360717775,0.09845733642578125,0
1539.981321811676,0.1203521728515625,0.03999999999996362,41.07281984313965,0.09845733642578125,0
1539.9953744411469,0.12173156738281249,0.03999999999996362,41.2177083013916,0.09845733642578125,0
1539.9973666667938,0.11828308105468749,0.03999999999996362,41.06048891052246,0.09845733642578125,0
1540.0013949871063,0.12069702148437499,0.03999999999996362,41.29785936340332,0.07556915283203125,0
1540.0073926448822,0.12000732421874999,0.03999999999996362,41.46432695373535,0.08319854736328125,0
1540.0119304656982,0.11655883789062499,-0.12000000000000455,41.21154283508301,0.08319854736328125,0
1540.0173091888428,0.12104187011718749,-0.12000000000000455,41.22695650085449,0.10608673095703125,0
1540.022317647934,0.122076416015625,-0.12000000000000455,41.36259675964355,0.06793975830078125,0
1540.0408782958984,0.11759338378906249,0.03999999999996362,41.405755023803714,0.09845733642578125,0
1540.0600304603577,0.11724853515624999,0.05999999999994543,41.254701099243164,0.07556915283203125,0
1540.0693938732147,0.11966247558593748,-0.12000000000000455,41.30710756286621,0.09845733642578125,0
1540.0734214782715,0.1186279296875,-0.12000000000000455,41.470492420043946,0.10608673095703125,0
1540.0766878128052,0.1186279296875,-0.12000000000000455,41.23928743347168,0.08319854736328125,0
1540.0823369026184,0.11793823242187498,-0.12000000000000455,41.08823350891113,0.07556915283203125,0
1540.0874009132385,0.12276611328124999,-0.12000000000000455,41.32560396179199,0.08319854736328125,0
1540.09139418602,0.11931762695312499,-0.12000000000000455,41.405755023803714,0.08319854736328125,0
1540.0973179340363,0.12414550781249999,0.03999999999996362,41.143722705688475,0.09845733642578125,0
1540.1023156642914,0.11828308105468749,0.03999999999996362,41.29785936340332,0.08319854736328125,0
1540.1073367595673,0.12173156738281249,0.03999999999996362,41.44583055480957,0.10608673095703125,0
1540.1122920513153,0.11793823242187498,0.03999999999996362,41.21154283508301,0.11371612548828125,0
1540.1170392036438,0.11655883789062499,-0.12000000000000455,41.242370166625975,0.08319854736328125,0
1540.1223459243774,0.11793823242187498,-0.10000000000002274,41.36567949279785,0.07556915283203125,0
1540.1273579597473,0.12311096191406248,0.05999999999994543,41.25161836608887,0.09845733642578125,0
1540.1533727645874,0.11793823242187498,-0.10000000000002274,41.3163557623291,0.09845733642578125,0
1540.1983182430267,0.12483520507812498,-0.10000000000002274,41.07281984313965,0.09845733642578125,0
1540.2122898101807,0.11759338378906249,0.03999999999996362,41.205377368774414,0.08319854736328125,0
1540.2171883583069,0.11966247558593748,0.03999999999996362,41.233121967163086,0.10608673095703125,0
1540.2223222255707,0.11793823242187498,0.03999999999996362,41.38417589172363,0.08319854736328125,0
1540.2264161109924,0.1203521728515625,0.03999999999996362,41.233121967163086,0.07556915283203125,0
1540.2313134670258,0.12173156738281249,-0.12000000000000455,41.06357164367676,0.08319854736328125,0
1540.2373554706573,0.12552490234375,-0.12000000000000455,41.33485216125488,0.09845733642578125,0
1540.2533557415009,0.12104187011718749,0.03999999999996362,41.32868669494629,0.09845733642578125,0
1540.2833223342896,0.11311035156249999,-0.12000000000000455,41.17146730407715,0.11371612548828125,0
1540.2963073253632,0.11828308105468749,-0.12000000000000455,41.193046436157225,0.07556915283203125,0
1540.3003935813904,0.11586914062499999,-0.12000000000000455,41.2177083013916,0.09845733642578125,0
1540.3043956756592,0.11621398925781248,-0.12000000000000455,41.33485216125488,0.08319854736328125,0
1540.3083956241608,0.122076416015625,-0.10000000000002274,41.35643129333496,0.09845733642578125,0
1540.3123733997345,0.11966247558593748,0.03999999999996362,41.20229463562011,0.08319854736328125,0
1540.317313671112,0.11552429199218749,0.03999999999996362,41.233121967163086,0.10608673095703125,0
1540.3223185539246,0.11483459472656249,0.03999999999996362,41.37801042541504,0.11371612548828125,0
1540.3267118930817,0.11655883789062499,-0.12000000000000455,41.242370166625975,0.08319854736328125,0
1540.3313946723938,0.11483459472656249,0.03999999999996362,41.07281984313965,0.11371612548828125,0
1540.3363029956818,0.11586914062499999,-0.12000000000000455,41.3132730291748,0.08319854736328125,0
1540.3423104286194,0.1186279296875,-0.12000000000000455,41.33485216125488,0.09845733642578125,0
1540.3474125862122,0.11173095703125,0.03999999999996362,41.14988817199707,0.08319854736328125,0
1540.3664021492004,0.11828308105468749,0.03999999999996362,41.143722705688475,0.07556915283203125,0
1540.3853678703308,0.1238006591796875,-0.12000000000000455,41.28861116394043,0.07556915283203125,0
1540.394364118576,0.12069702148437499,0.03999999999996362,41.233121967163086,0.08319854736328125,0
1540.3973665237427,0.12483520507812498,-0.12000000000000455,41.05124071105957,0.06793975830078125,0
1540.4016752243042,0.12621459960937498,0.03999999999996362,41.30402482971191,0.06793975830078125,0
1540.4054958820343,0.12173156738281249,0.03999999999996362,41.467409686889646,0.07556915283203125,0
1540.4112708568573,0.11655883789062499,0.03999999999996362,41.2238737677002,0.09845733642578125,0
1540.415472984314,0.11621398925781248,-0.12000000000000455,41.13447450622559,0.08319854736328125,0
1540.421391248703,0.11655883789062499,-0.13999999999998636,41.344100360717775,0.08319854736328125,0
1540.426732301712,0.11414489746093749,0.01999999999998181,41.233121967163086,0.08319854736328125,0
1540.4323329925537,0.11621398925781248,0.01999999999998181,41.082068042602536,0.08319854736328125,0
1540.4373006820679,0.11655883789062499,0.01999999999998181,41.33485216125488,0.09845733642578125,0
1540.4418694972992,0.11828308105468749,0.03999999999996362,41.33485216125488,0.05268096923828125,0
1540.4473400115967,0.1203521728515625,0.03999999999996362,41.13447450622559,0.08319854736328125,0
1540.4517028331757,0.12621459960937498,0.01999999999998181,41.30094209655762,0.09845733642578125,0
1540.4556257724762,0.1186279296875,-0.12000000000000455,41.45816148742676,0.09845733642578125,0
1540.461392402649,0.11759338378906249,-0.12000000000000455,41.22695650085449,0.09845733642578125,0
1540.4798109531403,0.1186279296875,-0.12000000000000455,41.193046436157225,0.09845733642578125,0
1540.499370098114,0.11380004882812499,-0.12000000000000455,41.1159781072998,0.08319854736328125,0
1540.5078530311584,0.12414550781249999,0.01999999999998181,41.35951402648926,0.09845733642578125,0
1540.5123159885406,0.12449035644531249,-0.12000000000000455,41.20229463562011,0.09845733642578125,0
1540.5173950195312,0.11793823242187498,-0.12000000000000455,41.23620470031738,0.07556915283203125,0
1540.5224034786224,0.11380004882812499,-0.12000000000000455,41.36259675964355,0.09845733642578125,0
1540.5267810821533,0.12069702148437499,-0.12000000000000455,41.233121967163086,0.08319854736328125,0
1540.531779050827,0.11173095703125,0.03999999999996362,41.09131624206543,0.08319854736328125,0
1540.5373113155365,0.1134552001953125,0.03999999999996362,41.341017627563474,0.11371612548828125,0
1540.5423095226288,0.11621398925781248,-0.12000000000000455,41.3225212286377,0.07556915283203125,0
1540.546877861023,0.11552429199218749,0.03999999999996362,41.13447450622559,0.09845733642578125,0
1540.5517721176147,0.1186279296875,0.03999999999996362,41.30094209655762,0.07556915283203125,0
1540.5572984218597,0.12311096191406248,0.03999999999996362,41.442747821655274,0.07556915283203125,0
1540.5623075962067,0.12069702148437499,-0.12000000000000455,41.196129169311526,0.10608673095703125,0
1540.5673034191132,0.12311096191406248,0.03999999999996362,41.245452899780275,0.08319854736328125,0
1540.586366891861,0.11621398925781248,0.01999999999998181,41.3132730291748,0.09845733642578125,0
1540.6053020954132,0.12069702148437499,-0.12000000000000455,41.35951402648926,0.08319854736328125,0
1540.6142883300781,0.12000732421874999,0.03999999999996362,41.103647174682614,0.09845733642578125,0
1540.6184208393097,0.12449035644531249,0.03999999999996362,41.294776630249025,0.08319854736328125,0
1540.6223995685577,0.122076416015625,0.03999999999996362,41.37801042541504,0.10608673095703125,0
1540.6273629665375,0.11793823242187498,0.03999999999996362,41.23928743347168,0.10608673095703125,0
1540.632250070572,0.1186279296875,0.03999999999996362,41.09131624206543,0.07556915283203125,0
1540.6373867988586,0.12000732421874999,0.03999999999996362,41.33485216125488,0.07556915283203125,0
1540.6417665481567,0.11828308105468749,-0.10000000000002274,41.3225212286377,0.08319854736328125,0
1540.6473078727722,0.11793823242187498,-0.10000000000002274,41.13447450622559,0.09845733642578125,0
1540.652393579483,0.11966247558593748,0.03999999999996362,41.30402482971191,0.09845733642578125,0
1540.657301902771,0.1186279296875,0.03999999999996362,41.42733415588379,0.08319854736328125,0
1540.6623520851135,0.11655883789062499,0.03999999999996362,41.19921190246582,0.07556915283203125,0
1540.6673574447632,0.11793823242187498,-0.12000000000000455,41.23928743347168,0.09845733642578125,0
1540.672399520874,0.1186279296875,-0.10000000000002274,41.38417589172363,0.08319854736328125,0
1540.6773037910461,0.11966247558593748,-0.12000000000000455,41.23620470031738,0.09845733642578125,0
1540.7023043632507,0.1203521728515625,-0.12000000000000455,41.294776630249025,0.08319854736328125,0
1540.7453982830048,0.12483520507812498,-0.12000000000000455,41.2177083013916,0.09845733642578125,0
1540.754383802414,0.1251800537109375,-0.12000000000000455,41.33793489440918,0.08319854736328125,0
1540.7573976516724,0.12000732421874999,-0.12000000000000455,41.34718309387207,0.10608673095703125,0
1540.7623584270477,0.11828308105468749,-0.12000000000000455,41.21154283508301,0.11371612548828125,0
1540.7673978805542,0.11724853515624999,-0.12000000000000455,41.245452899780275,0.11371612548828125,0
1540.7723834514618,0.12000732421874999,-0.10000000000002274,41.38725862487793,0.08319854736328125,0
1540.7773840427399,0.1238006591796875,0.03999999999996362,41.23620470031738,0.08319854736328125,0
1540.7813875675201,0.12552490234375,0.03999999999996362,41.10056444152832,0.06793975830078125,0
1540.785459280014,0.127593994140625,0.03999999999996362,41.30710756286621,0.10608673095703125,0
1540.8143060207367,0.11828308105468749,0.03999999999996362,41.09131624206543,0.09845733642578125,0
1540.8598351478577,0.115179443359375,0.03999999999996362,41.23928743347168,0.08319854736328125,0
1540.872360944748,0.1238006591796875,0.03999999999996362,41.39650682434082,0.09845733642578125,0
1540.8773062229156,0.12069702148437499,0.03999999999996362,41.233121967163086,0.09845733642578125,0
1540.8819432258606,0.12104187011718749,0.03999999999996362,41.10981264099121,0.10608673095703125,0
1540.8869531154633,0.1203521728515625,0.03999999999996362,41.33485216125488,0.11371612548828125,0
1540.8918290138245,0.1238006591796875,0.03999999999996362,41.319438495483396,0.06793975830078125,0
1540.912276506424,0.11828308105468749,-0.12000000000000455,41.20229463562011,0.08319854736328125,0
1540.9513289928436,0.3941619873046875,0.03999999999996362,40.85086305603027,0.27393341064453125,0
1540.960352897644,0.5821044921874999,0.03999999999996362,40.44085954650879,0.23578643798828125,0
1540.9625451564789,0.5445159912109374,1.259999999999991,40.29288835510254,0.22815704345703125,0
1540.9673779010773,0.24691162109374998,2.6200000000000045,40.20657182678222,0.28156280517578125,0
1540.9723963737488,0.49106445312499997,3.080000000000041,40.172661762084964,0.27393341064453125,0
1540.9773018360138,0.41381835937499994,3.080000000000041,39.86747117980957,0.26630401611328125,0
1540.9823744297028,0.24967041015624997,4.019999999999982,39.6393489263916,0.25104522705078125,0
1540.9873809814453,0.13311157226562498,4.6200000000000045,39.771906452026364,0.28156280517578125,0
1540.9916400909424,0.2896728515625,5.100000000000023,39.6424316595459,0.25867462158203125,0
1540.9963817596436,-0.09828186035156249,5.659999999999968,39.45746767028808,0.26630401611328125,0
1541.0023794174194,-0.036553955078125,5.659999999999968,39.46055040344238,0.28156280517578125,0
1541.0333049297333,0.34105529785156247,6.240000000000009,39.161525287475584,0.27393341064453125,0
1541.0712928771973,-0.10966186523437499,7.279999999999973,39.15535982116699,0.31970977783203125,0
1541.082353591919,-0.0706939697265625,7.480000000000018,38.865582904663086,0.29682159423828125,0
1541.0872979164124,-0.319329833984375,8.299999999999955,39.13686342224121,0.25104522705078125,0
1541.0922973155975,0.0610382080078125,8.539999999999964,39.15844255432129,0.33496856689453125,0
1541.0973007678986,0.6072784423828125,8.539999999999964,38.951899432983396,0.29682159423828125,0
1541.102352142334,0.464166259765625,8.120000000000005,39.13378068908691,0.28156280517578125,0
1541.1073553562164,0.08310852050781249,8.120000000000005,39.250924548950195,0.30445098876953125,0
1541.111358165741,0.0058624267578125,7.7999999999999545,39.01047136291504,0.28156280517578125,0
1541.1353743076324,0.48554687499999993,7.6200000000000045,39.112201557006834,0.31208038330078125,0
1541.16033577919,0.3458831787109375,7.580000000000041,38.99814043029785,0.26630401611328125,0
1541.1713151931763,-0.21690979003906247,8.139999999999986,39.13378068908691,0.31970977783203125,0
1541.175306558609,0.002069091796875,8.460000000000036,39.13378068908691,0.29682159423828125,0
1541.1793501377106,0.19449462890625,7.82000000000005,38.99505769714355,0.31208038330078125,0
1541.183357477188,-0.277947998046875,7.7000000000000455,39.001223163452146,0.32733917236328125,0
1541.186714887619,0.0634521484375,7.82000000000005,39.13069795593262,0.27393341064453125,0
1541.1923608779907,0.12621459960937498,7.82000000000005,39.149194354858395,0.30445098876953125,0
1541.197315454483,0.009310913085937499,7.8799999999999955,38.90874116882324,0.29682159423828125,0
1541.2022824287415,-0.43588867187499997,8.100000000000023,39.11836702331543,0.27393341064453125,0
1541.2067923545837,-0.29105224609374997,8.419999999999959,39.250924548950195,0.31970977783203125,0
1541.212366104126,0.58348388671875,8.360000000000014,39.00738862976074,0.29682159423828125,0
1541.2173702716827,0.5238250732421874,8.360000000000014,39.07829149230957,0.31970977783203125,0
1541.2223088741302,0.14000854492187498,7.960000000000036,39.19235261901856,0.31208038330078125,0
1541.2273139953613,-0.18759765625,8.059999999999945,39.013554096069335,0.29682159423828125,0
1541.2443237304688,0.23242797851562497,8.120000000000005,39.025885028686524,0.33496856689453125,0
1541.273375749588,0.4010589599609375,8.159999999999968,39.28175188049316,0.29682159423828125,0
1541.2863020896912,0.519342041015625,7.960000000000036,39.13378068908691,0.31208038330078125,0
1541.290308713913,-0.083453369140625,7.960000000000036,39.26017274841308,0.29682159423828125,0
1541.2943115234375,0.013793945312499998,7.960000000000036,39.03821596130371,0.33496856689453125,0
1541.2973856925964,0.36002197265624997,8.039999999999964,38.84400377258301,0.31208038330078125,0
1541.302324771881,-0.185528564453125,8.039999999999964,39.08137422546387,0.28156280517578125,0
1541.3073089122772,0.1134552001953125,8.039999999999964,39.189269885864256,0.33496856689453125,0
1541.3122715950012,0.30001831054687494,8.019999999999982,38.95806489929199,0.25867462158203125,0
1541.3172771930695,0.0017242431640624998,8.080000000000041,39.05671236022949,0.26630401611328125,0
1541.3218111991882,-0.415887451171875,8.299999999999955,39.198518085327144,0.29682159423828125,0
1541.3273668289185,-0.3693328857421875,8.460000000000036,39.053629627075196,0.26630401611328125,0
1541.33229470253,-0.2700164794921875,8.519999999999982,38.97347856506347,0.29682159423828125,0
1541.346375465393,-0.08138427734374999,8.519999999999982,39.02896776184082,0.30445098876953125,0
1541.369385957718,0.21346130371093747,8.120000000000005,39.149194354858395,0.32733917236328125,0
1541.3812947273254,0.26518859863281247,8.340000000000032,38.8470865057373,0.35785675048828125,0
1541.3853158950806,-0.23966979980468747,7.6200000000000045,39.05671236022949,0.28156280517578125,0
1541.3893225193024,-0.0027587890624999997,8.17999999999995,39.25709001525879,0.27393341064453125,0
1541.3927536010742,0.1838043212890625,8.639999999999986,39.07829149230957,0.31208038330078125,0
1541.397298336029,-0.1479400634765625,8.700000000000045,38.93648576721191,0.28156280517578125,0
1541.4016709327698,-0.385540771484375,8.700000000000045,39.152277088012696,0.25867462158203125,0
1541.4073791503906,0.22966918945312498,8.539999999999964,39.25709001525879,0.32733917236328125,0
1541.4123413562775,0.42381896972656247,8.279999999999973,39.025885028686524,0.29682159423828125,0
1541.4173498153687,0.49658203124999994,8.17999999999995,39.099870624389645,0.29682159423828125,0
1541.4223911762238,0.20725402832031248,8.0,39.24167634948731,0.30445098876953125,0
1541.4273619651794,-0.13828430175781248,7.7999999999999545,39.053629627075196,0.29682159423828125,0
1541.4319846630096,0.1362152099609375,7.7999999999999545,38.93648576721191,0.32733917236328125,0
1541.4367756843567,0.27036132812499997,7.7000000000000455,39.13686342224121,0.31208038330078125,0
1541.4419713020325,-0.21449584960937498,7.67999999999995,39.12453248962402,0.26630401611328125,0
1541.4622695446014,0.7114227294921874,7.82000000000005,38.97039583190918,0.28156280517578125,0
1541.5092990398407,-0.388299560546875,8.019999999999982,39.099870624389645,0.29682159423828125,0
1541.5259773731232,-0.16449279785156248,8.759999999999991,39.053629627075196,0.29682159423828125,0
1541.529991865158,0.7048706054687499,8.32000000000005,38.9549821661377,0.35022735595703125,0
1541.5342893600464,0.06483154296874999,8.32000000000005,39.001223163452146,0.29682159423828125,0
1541.538301229477,0.04655456542968749,8.220000000000027,39.11836702331543,0.25867462158203125,0
1541.5423038005829,0.5372741699218749,8.779999999999973,39.13378068908691,0.29682159423828125,0
1541.5473067760468,0.5948638916015624,8.779999999999973,38.91182390197754,0.29682159423828125,0
1541.5759100914001,-0.31795043945312496,8.580000000000041,39.115284290161135,0.27393341064453125,0
1541.613258600235,-0.19518432617187498,8.139999999999986,38.97039583190918,0.26630401611328125,0
1541.6253671646118,-0.27484436035156246,8.399999999999977,39.152277088012696,0.28156280517578125,0
1541.6284306049347,0.45485534667968747,8.460000000000036,39.04129869445801,0.30445098876953125,0
1541.6322884559631,-0.10793762207031249,8.259999999999991,38.93340303405762,0.30445098876953125,0
1541.6373722553253,-0.15414733886718748,8.259999999999991,39.17693895324707,0.27393341064453125,0
1541.641981601715,0.1024200439453125,8.259999999999991,39.18310441955566,0.31208038330078125,0
1541.6473469734192,0.6590057373046875,8.559999999999945,38.9457339666748,0.28156280517578125,0
1541.6509869098663,0.023794555664062498,8.539999999999964,39.149194354858395,0.26630401611328125,0
1541.6554627418518,-0.265533447265625,8.539999999999964,39.31566194519043,0.28156280517578125,0
1541.6613688468933,-0.07966003417968749,8.659999999999968,39.0474641607666,0.28156280517578125,0
1541.6795587539673,0.11483459472656249,8.399999999999977,38.877913837280275,0.32733917236328125,0
1541.7002892494202,-0.27208557128906247,8.5,39.08753969177246,0.25867462158203125,0
1541.7092905044556,0.33691711425781246,8.220000000000027,39.12453248962402,0.27393341064453125,0
1541.712583065033,0.23587646484374997,8.580000000000041,39.053629627075196,0.31208038330078125,0
1541.7167534828186,-0.06586608886718749,8.32000000000005,39.08137422546387,0.29682159423828125,0
1541.7217378616333,0.35450439453125,8.32000000000005,39.275586414184566,0.29682159423828125,0
1541.7273733615875,0.4727874755859375,8.32000000000005,39.08753969177246,0.31208038330078125,0
1541.7322871685028,0.64693603515625,8.240000000000009,38.93032030090332,0.27393341064453125,0
1541.7366797924042,-0.006207275390624999,8.059999999999945,39.149194354858395,0.27393341064453125,0
1541.7417016029358,0.09241943359374999,7.759999999999991,39.112201557006834,0.33496856689453125,0
1541.74667096138,0.28587951660156247,7.759999999999991,38.874831104125974,0.30445098876953125,0
1541.7522892951965,0.0382781982421875,7.740000000000009,39.102953357543946,0.35022735595703125,0
1541.756763458252,-0.07172851562499999,7.740000000000009,39.17693895324707,0.29682159423828125,0
1541.7622952461243,-0.3751953125,8.220000000000027,38.99505769714355,0.27393341064453125,0
1541.7672085762024,-0.35484924316406247,8.779999999999973,39.08137422546387,0.30445098876953125,0
1541.7902636528015,0.31312255859375,8.779999999999973,39.29408281311035,0.33496856689453125,0
1541.8259518146515,0.033795166015624996,8.539999999999964,38.93340303405762,0.38074493408203125,0
1541.8372867107391,0.3389862060546875,7.840000000000032,39.075208759155274,0.33496856689453125,0
1541.8423686027527,-0.016897583007812498,9.360000000000014,39.03205049499512,0.29682159423828125,0
1541.8473360538483,-0.32726135253906247,9.220000000000027,38.89024476989746,0.27393341064453125,0
1541.8504781723022,-0.11931762695312499,9.139999999999986,39.05671236022949,0.33496856689453125,0
1541.8563160896301,0.34277954101562497,8.899999999999977,39.2447590826416,0.28156280517578125,0
1541.8621904850006,0.42174987792968743,8.5,38.95806489929199,0.35785675048828125,0
1541.866265296936,0.22932434082031247,8.379999999999995,38.89949296936035,0.30445098876953125,0
1541.8708810806274,-0.3286407470703125,8.379999999999995,39.09678789123535,0.29682159423828125,0
1541.8754670619965,-0.5183074951171874,8.419999999999959,38.951899432983396,0.35022735595703125,0
1541.9062938690186,0.04310607910156249,9.0,38.98889223083496,0.35785675048828125,0
1541.9420757293701,0.37726440429687497,9.159999999999968,38.5573095892334,0.5333328247070312,0
1541.954256772995,0.20690917968749997,10.419999999999959,38.52339952453613,0.43415069580078125,0
1541.9582879543304,0.08276367187499999,11.919999999999959,38.52031679138184,0.43415069580078125,0
1541.9622597694397,-0.15311279296875,13.080000000000041,38.44633119567871,0.5791091918945312,0
1541.9665396213531,0.15069885253906248,13.080000000000041,38.4586621282959,0.38074493408203125,0
1541.9713814258575,-0.004483032226562499,13.419999999999959,38.49873765930176,0.5562210083007812,0
1541.976434469223,-0.23760070800781247,14.259999999999991,38.344601001586916,0.6325149536132812,0
1541.9813809394836,0.450372314453125,14.399999999999977,38.12264421447754,0.47992706298828125,0
1541.986236333847,0.42761230468749994,15.019999999999982,38.23978807434082,0.6248855590820312,0
1542.0172460079193,0.7931518554687499,15.759999999999991,38.168885211791995,0.9224319458007812,0
1542.062272310257,0.087591552734375,18.75999999999999,37.99933488830566,1.0139846801757812,0
1542.0752892494202,0.271051025390625,18.75999999999999,37.91301835998535,1.3649368286132812,0
1542.0792922973633,0.41485290527343743,23.159999999999968,37.79587450012207,1.1894607543945312,0
1542.0832965373993,0.30346679687499994,24.860000000000014,37.84828096374512,1.1284255981445312,0
1542.0873003005981,0.21070251464843748,25.620000000000005,37.94692842468262,1.1970901489257812,0
1542.092286348343,0.10448913574218749,25.620000000000005,37.82361909851074,0.8385086059570312,0
1542.0972962379456,0.31691589355468747,27.08000000000004,37.5708349798584,1.6014480590820312,0
1542.1172842979431,0.6527984619140624,27.639999999999986,37.6725651739502,1.7158889770507812,0
1542.1513652801514,-0.12242126464843749,28.460000000000036,37.60782777770996,1.9676589965820312,0
1542.1633455753326,0.24035949707031248,31.24000000000001,37.46293931945801,1.6167068481445312,0
1542.1668972969055,0.05379638671874999,36.879999999999995,37.50301485046386,2.0897293090820312,0
1542.1723637580872,0.00413818359375,38.89999999999998,37.74963350280762,1.7998123168945312,0
1542.1772572994232,0.09138488769531249,38.89999999999998,37.52151124938965,1.6472244262695312,0
1542.181500196457,0.17311401367187498,40.75999999999999,37.305719928588864,1.8150711059570312,0
1542.1855030059814,-0.0055175781249999995,41.700000000000045,37.65406877502441,1.8303298950195312,0
1542.1923146247864,0.45278625488281243,42.41999999999996,37.5646695135498,2.0973587036132812,0
1542.1963634490967,0.31864013671874997,43.25999999999999,37.42902925476074,1.5633010864257812,0
1542.201369524002,0.191046142578125,43.25999999999999,37.632489642944336,1.9066238403320312,0
1542.2063655853271,0.55589599609375,43.860000000000014,37.81437089904785,2.2346878051757812,0
1542.2462875843048,0.41450805664062496,45.41999999999996,37.25331346496582,2.8297805786132812,0
1542.2724270820618,0.3734710693359375,46.17999999999995,37.53692491516113,2.5246047973632812,0
1542.2822580337524,0.48692626953124996,52.860000000000014,37.13925233825684,2.9823684692382812,0
1542.2873723506927,0.357952880859375,58.48000000000002,37.30263719543457,3.7529373168945312,0
1542.2923712730408,0.21553039550781247,60.32000000000005,37.49068391784668,2.7992630004882812,0
1542.2973093986511,0.39967956542968747,60.32000000000005,37.13616960510254,3.2188796997070312,0
1542.3023009300232,0.19346008300781248,62.72000000000003,37.41361558898926,2.5398635864257812,0
1542.3073101043701,0.42071533203124994,63.77999999999997,37.543090381469725,2.7153396606445312,0
1542.3122944831848,0.415887451171875,64.67999999999995,37.29338899597168,3.2722854614257812,0
1542.316290140152,0.10035095214843749,65.70000000000005,37.259478931274415,3.1654739379882812,0
1542.3360531330109,0.41623229980468746,66.60000000000002,37.496849384155276,2.8602981567382812,0
1542.3572797775269,0.726251220703125,66.60000000000002,37.33654726013184,3.8139724731445312,0
1542.3662853240967,-0.022760009765625,70.05999999999995,37.20090700134277,3.5469436645507812,0
1542.3704011440277,0.7276306152343749,74.62,37.24406526550293,3.6613845825195312,0
1542.3753957748413,0.6796966552734375,76.25999999999999,37.25331346496582,3.5393142700195312,0
1542.3793992996216,0.073797607421875,76.25999999999999,37.35196092590332,3.6537551879882812,0
1542.3833916187286,0.450372314453125,78.34000000000003,37.15466600402832,4.294624328613281,0
1542.3873698711395,0.4045074462890625,79.36000000000001,37.30263719543457,3.8139724731445312,0
1542.3923728466034,0.14759521484375,79.36000000000001,37.419781055297854,3.1883621215820312,0
1542.3973760604858,0.305535888671875,81.51999999999998,36.88955095275879,4.019966125488281,0
1542.401664018631,0.6269348144531249,82.12,37.28105806335449,3.8597488403320312,0
1542.406657218933,0.7979797363281249,82.84000000000003,37.27797533020019,3.9970779418945312,0
1542.4112439155579,0.47140808105468746,83.86000000000001,37.108425006713865,4.332771301269531,0
1542.417417049408,0.14725036621093748,83.86000000000001,37.108425006713865,4.607429504394531,0
1542.4222874641418,0.1465606689453125,85.79999999999995,37.51842851623535,4.172554016113281,0
1542.426754951477,0.27656860351562496,86.89999999999998,37.21323793395996,4.576911926269531,0
1542.4467914104462,0.5776214599609375,88.22000000000003,37.160831470336916,4.660835266113281,0
1542.4692397117615,0.6265899658203125,89.46000000000004,37.22556886657715,4.317512512207031,0
1542.476048707962,0.204840087890625,92.44000000000005,37.15466600402832,4.874458312988281,0
1542.4791288375854,0.6941802978515624,96.08000000000004,37.256396198120115,3.7758255004882812,0
1542.4825112819672,0.45347595214843744,97.77999999999997,36.96661928161621,4.164924621582031,0
1542.4867429733276,0.191046142578125,97.77999999999997,37.32421632751465,4.470100402832031,0
1542.4923264980316,0.268292236328125,100.44000000000005,37.29030626281738,4.569282531738281,0
1542.4972898960114,0.3486419677734375,101.79999999999995,36.871054553833005,5.561103820800781,0
1542.5023729801178,0.34208984374999996,102.63999999999999,37.34271272644043,4.599800109863281,0
1542.5072808265686,0.22725524902343747,102.63999999999999,36.969702014770505,5.667915344238281,0
1542.512263059616,0.0706939697265625,104.08000000000004,37.00669481262207,4.805793762207031,0
1542.5168015956879,0.009310913085937499,104.88,37.44136018737793,3.9970779418945312,0
1542.522309064865,0.25311889648437497,105.77999999999997,37.25331346496582,5.065193176269531,0
1542.527286529541,0.3693328857421875,106.72000000000003,37.19782426818848,5.172004699707031,0
1542.5320026874542,0.5183074951171874,107.67999999999995,37.05293580993652,4.859199523925781,0
1542.5373697280884,0.5217559814453124,107.67999999999995,37.259478931274415,4.752388000488281,0
1542.5622828006744,0.1958740234375,109.08000000000004,36.62751863464356,6.026496887207031,0
1542.5943067073822,0.29898376464843746,109.88,37.03752214416504,5.172004699707031,0
1542.607298374176,0.402783203125,113.39999999999998,37.2718098638916,4.798164367675781,0
1542.6123158931732,0.46175231933593747,118.48000000000002,36.72616609558106,6.072273254394531,0
1542.6172292232513,0.31312255859375,121.20000000000005,36.99744661315918,6.011238098144531,0
1542.6222865581512,0.20208129882812498,122.44000000000005,37.506097583618164,4.576911926269531,0
1542.627098083496,0.2493255615234375,122.44000000000005,37.04677034362793,5.164375305175781,0
1542.6321823596954,0.47175292968749993,124.77999999999997,37.157748737182615,4.927864074707031,0
1542.6373422145844,0.48934020996093747,125.15999999999997,37.096094074096676,4.317512512207031,0
1542.6417717933655,0.25415344238281246,126.05999999999995,36.94812288269043,4.576911926269531,0
1542.6546993255615,0.47140808105468746,126.48000000000002,37.256396198120115,5.675544738769531,0
1542.677252292633,0.27898254394531247,127.86000000000001,37.00669481262207,4.653205871582031,0
1542.688404083252,0.31105346679687496,128.70000000000005,37.22248613342285,4.531135559082031,0
1542.692360162735,0.18483886718749998,130.98000000000002,37.0775976751709,3.9055252075195312,0
1542.697137594223,0.20725402832031248,133.08000000000004,36.72000062927246,5.667915344238281,0
1542.7016716003418,0.3665740966796875,134.48000000000002,37.14233507141113,4.569282531738281,0
1542.7057437896729,0.3624359130859375,135.51999999999998,37.17932786926269,5.538215637207031,0
1542.7116963863373,0.15069885253906248,135.51999999999998,37.21632066711426,4.721870422363281,0
1542.7166993618011,0.13345642089843748,136.01999999999998,37.1731624029541,3.6079788208007812,0
1542.7223708629608,0.17759704589843747,137.48000000000002,37.51842851623535,4.576911926269531,0
1542.7273013591766,0.43244018554687497,137.86,37.14233507141113,5.385627746582031,0
1542.7323026657104,0.45175170898437494,137.91999999999996,37.345795459594726,3.8597488403320312,0
1542.7373650074005,0.286224365234375,138.08000000000004,37.111507739868166,4.546394348144531,0
1542.741468667984,0.13518066406249998,138.62,37.01286027893067,4.279365539550781,0
1542.746301651001,0.251739501953125,138.62,37.157748737182615,4.355659484863281,0
1542.7522842884064,0.2776031494140625,139.88,37.157748737182615,5.332221984863281,0
1542.7572910785675,0.415887451171875,140.22000000000003,37.29338899597168,5.164375305175781,0
1542.7823739051819,0.22242736816406247,140.60000000000002,37.09301134094238,4.676094055175781,0
1542.8203954696655,0.26346435546874997,141.22000000000003,36.747745227661134,5.316963195800781,0
1542.83526968956,0.6786621093749999,141.67999999999995,36.80631715759277,7.857551574707031,0
1542.8393287658691,0.2676025390625,144.20000000000005,38.0609895513916,6.636848449707031,0
1542.8426241874695,0.28932800292968747,145.46000000000004,37.46293931945801,5.141487121582031,0
1542.8472702503204,-0.032070922851562496,145.46000000000004,37.13925233825684,4.416694641113281,0
1542.8512728214264,0.21725463867187497,147.77999999999997,37.23789979919434,6.224861145019531,0
1542.8565757274628,0.35864257812499994,147.88,37.19165880187988,3.5011672973632812,0
1542.8613243103027,0.12173156738281249,148.26,37.13616960510254,3.0128860473632812,0
1542.8781881332397,0.61107177734375,148.26,37.20090700134277,4.309883117675781,0
1542.9065673351288,0.41899108886718744,149.38,37.30263719543457,3.9284133911132812,0
1542.9205493927002,0.23001403808593748,148.55999999999995,37.817453632202145,3.9970779418945312,0
1542.9257397651672,0.24380798339843748,148.94000000000005,37.4691047857666,1.2199783325195312,0
1542.9322791099548,0.10000610351562499,149.12,37.30263719543457,2.5551223754882812,0
1542.9372804164886,0.10897216796874999,150.0,37.75271623596191,2.8831863403320312,0
1542.942304611206,0.32829589843749996,149.48000000000002,37.5708349798584,2.0210647583007812,0
1542.947286605835,0.25829162597656247,149.46000000000004,37.30263719543457,0.8537673950195312,0
1542.9522943496704,0.10104064941406249,149.24,37.447525653686526,2.6543045043945312,0
1542.9566667079926,-0.0217254638671875,149.24,37.72497163757324,2.4711990356445312,0
1542.9622583389282,-0.08448791503906249,149.36,37.23481706604004,2.9976272583007812,0
1542.967276096344,-0.0100006103515625,148.65999999999997,37.6725651739502,1.5861892700195312,0
1542.9842784404755,0.13518066406249998,147.91999999999996,37.72188890441895,1.5861892700195312,0
1543.0132796764374,0.0058624267578125,147.74,38.73302537902832,0.22815704345703125,0
1543.026150226593,0.050347900390625,143.34000000000003,39.213931751098634,0.15949249267578125,0
1543.0302867889404,0.0468994140625,138.74,39.161525287475584,0.17475128173828125,0
1543.034292459488,0.132421875,138.74,39.438971271362306,0.16712188720703125,0
1543.0383002758026,-0.0279327392578125,136.65999999999997,39.61468706115723,0.15186309814453125,0
1543.0423669815063,0.07276306152343749,137.96000000000004,39.59002519592285,0.18238067626953125,0
1543.0472702980042,0.044140624999999996,137.96000000000004,39.45746767028808,0.15186309814453125,0
1543.0522727966309,-0.014483642578124999,137.62,39.79348558410644,0.16712188720703125,0
1543.057273864746,-0.06586608886718749,136.44000000000005,39.947622241821286,0.12897491455078125,0
1543.0623848438263,0.016897583007812498,135.82000000000005,39.811981983032226,0.12134552001953125,0
1543.0672826766968,-0.041036987304687494,134.94000000000005,39.95687044128418,0.15186309814453125,0
1543.072282075882,0.0706939697265625,133.53999999999996,40.21273729309082,0.15186309814453125,0
1543.0772783756256,0.05862426757812499,133.53999999999996,40.0339387701416,0.15186309814453125,0
1543.0823068618774,0.042416381835937496,132.0,39.99078050598145,0.12897491455078125,0
1543.0982637405396,-0.013793945312499998,132.12,40.11408983215332,0.11371612548828125,0
1543.137279033661,0.014483642578124999,131.76,40.659733600463866,0.08319854736328125,0
1543.1576561927795,0.024829101562499997,127.84000000000003,40.76454652770996,0.10608673095703125,0
1543.1622450351715,0.019656372070312497,122.34000000000003,40.6289062689209,0.12134552001953125,0
1543.1672673225403,0.094488525390625,122.34000000000003,40.74296739562988,0.10608673095703125,0
1543.172268152237,0.1665618896484375,119.36000000000001,40.958758716430665,0.11371612548828125,0
1543.1772742271423,0.053106689453124994,119.0,40.730636463012694,0.08319854736328125,0
1543.1822776794434,-0.043450927734375,118.55999999999995,40.68747819885254,0.10608673095703125,0
1543.187281370163,-0.0210357666015625,118.72000000000003,40.89710405334473,0.11371612548828125,0
1543.2122974395752,0.08448791503906249,118.32000000000005,40.8262011907959,0.08319854736328125,0
1543.2582721710205,0.07690124511718749,118.32000000000005,41.07590257629394,0.09845733642578125,0
1543.2832520008087,0.06483154296874999,112.48000000000002,41.04815797790527,0.07556915283203125,0
1543.287274837494,0.233807373046875,106.86000000000001,41.14988817199707,0.09845733642578125,0
1543.2922790050507,0.22794494628906248,106.86000000000001,41.07898530944824,0.07556915283203125,0
1543.297247171402,0.240704345703125,104.10000000000002,40.88477312072754,0.07556915283203125,0
1543.3022089004517,0.226910400390625,104.10000000000002,41.143722705688475,0.09845733642578125,0
1543.3330080509186,0.31001892089843747,103.46000000000004,41.103647174682614,0.07556915283203125,0
1543.3761620521545,0.09241943359374999,102.86000000000001,41.14988817199707,0.08319854736328125,0
1543.3880960941315,-0.2693267822265625,96.89999999999998,41.30402482971191,0.07556915283203125,0
1543.3921694755554,0.3900238037109375,92.15999999999997,41.17763277038574,0.09845733642578125,0
1543.3971598148346,0.42209472656249997,90.88,40.98650331481934,0.08319854736328125,0
1543.4022645950317,0.2589813232421875,90.88,41.233121967163086,0.09845733642578125,0
1543.4073677062988,0.05690002441406249,90.82000000000005,41.30402482971191,0.11371612548828125,0
1543.4122636318207,-0.19139099121093747,89.72000000000003,41.10981264099121,0.09845733642578125,0
1543.4312801361084,0.20277099609375,89.24000000000001,41.00191698059082,0.07556915283203125,0
1543.451248407364,-0.18759765625,89.10000000000002,41.23620470031738,0.09845733642578125,0
1543.4594073295593,-0.22035827636718747,86.25999999999999,41.17455003723145,0.09845733642578125,0
1543.463430404663,-0.07103881835937499,83.27999999999997,41.01116518005371,0.07556915283203125,0
1543.468281030655,0.37485046386718746,82.62,41.245452899780275,0.08319854736328125,0
1543.472270488739,-0.16104431152343748,82.62,41.42425142272949,0.09845733642578125,0
1543.477266073227,-0.42037048339843747,82.36000000000001,41.17455003723145,0.09845733642578125,0
1543.482272863388,-0.13311157226562498,81.74000000000001,41.097481708374026,0.07556915283203125,0
1543.4872760772705,0.24622192382812497,81.0,41.28861116394043,0.08319854736328125,0
1543.4918274879456,0.2424285888671875,80.62,41.2238737677002,0.09845733642578125,0
1543.4973549842834,-0.08207397460937499,80.62,41.01116518005371,0.07556915283203125,0
1543.5022847652435,-0.0689697265625,79.91999999999996,41.26703203186035,0.09845733642578125,0
1543.5072507858276,0.308984375,79.5,41.33793489440918,0.09845733642578125,0
1543.512315273285,0.28932800292968747,78.96000000000004,41.14988817199707,0.09845733642578125,0
1543.5173509120941,-0.220013427734375,78.29999999999995,41.233121967163086,0.08319854736328125,0
1543.5223491191864,-0.37312622070312496,77.63999999999999,41.430416889038085,0.09845733642578125,0
1543.535370349884,-0.0210357666015625,77.63999999999999,41.28861116394043,0.06793975830078125,0
1543.55926156044,-0.004483032226562499,76.15999999999997,41.2146255682373,0.08319854736328125,0
1543.5713605880737,0.0713836669921875,73.89999999999998,41.3163557623291,0.07556915283203125,0
1543.574604511261,0.073797607421875,70.46000000000004,41.25161836608887,0.08319854736328125,0
1543.5793566703796,0.04655456542968749,69.82000000000005,41.15913637145996,0.07556915283203125,0
1543.583352804184,0.126904296875,70.08000000000004,41.21154283508301,0.10608673095703125,0
1543.5863978862762,-0.237255859375,70.08000000000004,41.30402482971191,0.08319854736328125,0
1543.5914039611816,0.12276611328124999,70.08000000000004,41.23928743347168,0.08319854736328125,0
1543.5974085330963,0.233807373046875,69.46000000000004,41.03582704528809,0.07556915283203125,0
1543.601356267929,-0.2044952392578125,68.67999999999995,41.27319749816895,0.07556915283203125,0
1543.6073608398438,0.013104248046875,67.91999999999996,41.344100360717775,0.09845733642578125,0
1543.6122653484344,0.054830932617187494,66.79999999999995,41.156053638305664,0.08319854736328125,0
1543.617270708084,-0.054486083984374996,66.79999999999995,41.242370166625975,0.10608673095703125,0
1543.6222431659698,0.080694580078125,66.01999999999998,41.442747821655274,0.09845733642578125,0
1543.6273791790009,-0.1893218994140625,65.48000000000002,41.18996370300293,0.08319854736328125,0
1543.6463577747345,0.2676025390625,64.89999999999998,41.14988817199707,0.06793975830078125,0
1543.6663224697113,0.10586853027343748,64.27999999999997,41.20229463562011,0.09845733642578125,0
1543.6753528118134,0.104833984375,61.139999999999986,41.26703203186035,0.07556915283203125,0
1543.6783561706543,-0.05862426757812499,59.139999999999986,41.17146730407715,0.07556915283203125,0
1543.6831667423248,0.00413818359375,58.960000000000036,41.2207910345459,0.08319854736328125,0
1543.687246799469,0.056555175781249994,58.960000000000036,41.32560396179199,0.08319854736328125,0
1543.6922669410706,0.07000427246093749,58.5,41.23928743347168,0.07556915283203125,0
1543.697276353836,0.24622192382812497,58.059999999999945,41.04815797790527,0.07556915283203125,0
1543.7022821903229,-0.0417266845703125,57.5,41.29785936340332,0.08319854736328125,0
1543.707352399826,0.14552612304687498,57.5,41.35951402648926,0.07556915283203125,0
1543.7122659683228,-0.156561279296875,56.01999999999998,41.16530183776855,0.09845733642578125,0
1543.7166891098022,-0.054486083984374996,55.559999999999945,41.254701099243164,0.07556915283203125,0
1543.7222702503204,-0.22897949218749997,55.01999999999998,41.44583055480957,0.10608673095703125,0
1543.7271518707275,-0.06241760253906249,54.5,41.20229463562011,0.09845733642578125,0
1543.7320337295532,-0.16552734374999997,54.5,41.143722705688475,0.07556915283203125,0
1543.7372617721558,0.23346252441406248,54.059999999999945,41.33793489440918,0.09845733642578125,0
1543.7642867565155,-0.10931701660156248,52.72000000000003,41.06048891052246,0.07556915283203125,0
1543.8083205223083,0.045864868164062496,52.15999999999997,41.30094209655762,0.07556915283203125,0
1543.822615146637,0.10035095214843749,48.379999999999995,41.405755023803714,0.08319854736328125,0
1543.8272354602814,0.06034851074218749,44.58000000000004,41.205377368774414,0.08319854736328125,0
1543.8312594890594,-0.12552490234375,42.65999999999997,41.07898530944824,0.08319854736328125,0
1543.8369386196136,0.022070312499999998,42.48000000000002,41.33793489440918,0.09845733642578125,0
1543.8419420719147,-0.17794189453124998,42.32000000000005,41.254701099243164,0.06793975830078125,0
1543.857952594757,-0.06759033203124999,41.60000000000002,41.3132730291748,0.09845733642578125,0
1543.8890872001648,0.31553649902343744,41.120000000000005,41.46432695373535,0.07556915283203125,0
1543.9013004302979,0.16069946289062498,39.32000000000005,41.29785936340332,0.10608673095703125,0
1543.9043409824371,0.028967285156249998,35.74000000000001,41.33793489440918,0.06793975830078125,0
1543.9072589874268,0.09483337402343749,34.72000000000003,41.381093158569335,0.09845733642578125,0
1543.9123194217682,-0.05931396484375,34.67999999999995,41.18996370300293,0.07556915283203125,0
1543.9172568321228,0.11035156249999999,34.120000000000005,41.279362964477535,0.06793975830078125,0
1543.9222574234009,-0.038623046875,34.120000000000005,41.46124422058105,0.08319854736328125,0
1543.927255153656,0.035519409179687496,33.75999999999999,41.2177083013916,0.08319854736328125,0
1543.9321973323822,0.008966064453124999,33.10000000000002,41.143722705688475,0.07556915283203125,0
1543.9370753765106,-0.037243652343749996,32.74000000000001,41.341017627563474,0.09845733642578125,0
1543.9420914649963,-0.19173583984374998,32.74000000000001,41.26703203186035,0.07556915283203125,0
1543.9471724033356,-0.050347900390625,32.58000000000004,41.06357164367676,0.07556915283203125,0
1543.9521627426147,-0.029656982421875,31.620000000000005,41.3225212286377,0.08319854736328125,0
1543.956961631775,-0.09414367675781249,31.299999999999955,41.35643129333496,0.08319854736328125,0
1543.9842648506165,0.12311096191406248,30.720000000000027,41.29785936340332,0.09845733642578125,0
1544.0262286663055,0.11380004882812499,30.340000000000032,41.25161836608887,0.08319854736328125,0
1544.042243719101,-0.0006896972656249999,27.58000000000004,41.27628023132324,0.07556915283203125,0
1544.0463118553162,-0.12104187011718749,23.340000000000032,41.17763277038574,0.06793975830078125,0
1544.0502722263336,0.004483032226562499,21.840000000000032,41.282445697631836,0.09845733642578125,0
1544.0542752742767,0.06586608886718749,21.840000000000032,41.35643129333496,0.07556915283203125,0
1544.0576105117798,-0.0962127685546875,21.620000000000005,41.32560396179199,0.09845733642578125,0
1544.062340259552,-0.11311035156249999,21.159999999999968,41.2146255682373,0.07556915283203125,0
1544.0752522945404,-0.130352783203125,21.159999999999968,41.3132730291748,0.09845733642578125,0
1544.0994353294373,-0.115179443359375,20.779999999999973,41.27628023132324,0.09845733642578125,0
1544.1132748126984,-0.0034484863281249996,19.399999999999977,41.13447450622559,0.08319854736328125,0
1544.117255449295,-0.12345581054687499,17.039999999999964,41.28861116394043,0.11371612548828125,0
1544.121652841568,-0.1100067138671875,16.139999999999986,41.50131975158691,0.07556915283203125,0
1544.1262316703796,-0.19897766113281248,16.139999999999986,41.25778383239746,0.08319854736328125,0
1544.131221294403,-0.13104248046875,15.580000000000041,41.12522630676269,0.07556915283203125,0
1544.137351512909,0.087591552734375,15.600000000000023,41.368762225952146,0.11371612548828125,0
1544.1422877311707,0.090350341796875,14.980000000000018,41.282445697631836,0.09845733642578125,0
1544.147399187088,-0.04655456542968749,14.980000000000018,41.09131624206543,0.09845733642578125,0
1544.1517734527588,-0.17759704589843747,14.080000000000041,41.34718309387207,0.09845733642578125,0
1544.1569728851318,-0.19897766113281248,14.080000000000041,41.390341358032224,0.06793975830078125,0
1544.1623167991638,-0.1617340087890625,13.240000000000009,41.21154283508301,0.08319854736328125,0
1544.1661987304688,0.051037597656249996,12.720000000000027,41.26703203186035,0.09845733642578125,0
1544.1716508865356,0.135870361328125,12.720000000000027,41.50131975158691,0.08319854736328125,0
1544.1755697727203,0.0193115234375,12.600000000000023,41.26703203186035,0.08319854736328125,0
1544.1902527809143,-0.15345764160156247,12.600000000000023,41.42733415588379,0.08319854736328125,0
1544.2142312526703,0.326226806640625,12.159999999999968,41.094398975219725,0.07556915283203125,0
1544.22723031044,-0.13138732910156248,10.279999999999973,41.242370166625975,0.08319854736328125,0
1544.2321484088898,0.31588134765625,9.240000000000009,41.18996370300293,0.08319854736328125,0
1544.2372353076935,0.5403778076171875,8.159999999999968,41.37492769226074,0.06793975830078125,0
1544.2413172721863,-0.08276367187499999,8.080000000000041,41.36567949279785,0.06793975830078125,0
1544.2456097602844,-0.2493255615234375,8.080000000000041,41.21154283508301,0.07556915283203125,0
1544.2523310184479,0.127593994140625,7.580000000000041,41.341017627563474,0.06031036376953125,0
1544.257349729538,-0.1941497802734375,7.0,41.38417589172363,0.07556915283203125,0
1544.2622487545013,-0.004827880859375,6.440000000000055,41.2146255682373,0.09845733642578125,0
1544.2663383483887,-0.14173278808593748,6.240000000000009,41.26086656555176,0.10608673095703125,0
1544.2713344097137,-0.002069091796875,6.240000000000009,41.38417589172363,0.08319854736328125,0
1544.2762351036072,0.012069702148437498,5.8799999999999955,41.26086656555176,0.07556915283203125,0
1544.2804975509644,0.14207763671874998,5.600000000000023,41.13755723937988,0.07556915283203125,0
1544.312257051468,0.20725402832031248,5.440000000000055,41.2207910345459,0.09845733642578125,0
1544.3622505664825,-0.04827880859374999,5.600000000000023,41.22695650085449,0.08319854736328125,0
1544.37730884552,0.13518066406249998,3.580000000000041,41.23928743347168,0.06793975830078125,0
1544.3813304901123,0.15035400390624998,-0.6000000000000227,41.1221435736084,0.09845733642578125,0
1544.3845024108887,0.1548370361328125,-0.7200000000000273,41.34718309387207,0.08319854736328125,0
1544.3892540931702,0.1803558349609375,-0.7200000000000273,41.492071552124024,0.09845733642578125,0
1544.3922536373138,0.191046142578125,-0.08000000000004093,41.279362964477535,0.08319854736328125,0
1544.3972568511963,0.16794128417968748,-0.08000000000004093,41.097481708374026,0.08319854736328125,0
1544.4172728061676,0.09241943359374999,0.22000000000002728,41.32560396179199,0.07556915283203125,0
1544.4382886886597,0.1410430908203125,0.37999999999999545,41.519816150512696,0.07556915283203125,0
1544.4472942352295,0.13690490722656248,-0.15999999999996817,41.17146730407715,0.06793975830078125,0
1544.451297044754,0.1389739990234375,0.13999999999998636,41.37492769226074,0.07556915283203125,0
1544.4563002586365,0.1293182373046875,0.13999999999998636,41.4211686895752,0.08319854736328125,0
1544.4613046646118,0.12069702148437499,0.17999999999994998,41.23928743347168,0.08319854736328125,0
1544.4663076400757,0.11828308105468749,-0.01999999999998181,41.32868669494629,0.09845733642578125,0
1544.4723846912384,0.115179443359375,-0.13999999999998636,41.516733417358395,0.07556915283203125,0
1544.477266073227,0.12449035644531249,-0.08000000000004093,41.26394929870605,0.09845733642578125,0
1544.4823486804962,0.13345642089843748,-0.05999999999994543,41.22695650085449,0.07556915283203125,0
1544.4872584342957,0.14035339355468748,-0.05999999999994543,41.39958955749512,0.07556915283203125,0
1544.492280960083,0.1375946044921875,0.05999999999994543,41.30710756286621,0.06793975830078125,0
1544.4973740577698,0.13000793457031248,0.03999999999996362,41.1159781072998,0.09845733642578125,0
1544.5015606880188,0.12966308593749998,0.01999999999998181,41.368762225952146,0.08319854736328125,0
1544.5173437595367,0.128973388671875,0.01999999999998181,41.341017627563474,0.09845733642578125,0
1544.5453650951385,0.127593994140625,-0.12000000000000455,41.25161836608887,0.07556915283203125,0
1544.5544302463531,0.128973388671875,0.05999999999994543,41.529064349975584,0.08319854736328125,0
1544.5592157840729,0.1375946044921875,-0.08000000000004093,41.29785936340332,0.10608673095703125,0
1544.5629630088806,0.1375946044921875,0.05999999999994543,41.15913637145996,0.07556915283203125,0
1544.5673422813416,0.13518066406249998,0.05999999999994543,41.33793489440918,0.07556915283203125,0
1544.5723431110382,0.12276611328124999,-0.10000000000002274,41.52598161682129,0.09845733642578125,0
1544.577258348465,0.11966247558593748,-0.10000000000002274,41.282445697631836,0.08319854736328125,0
1544.5804975032806,0.1286285400390625,-0.08000000000004093,41.14988817199707,0.08319854736328125,0
1544.5863010883331,0.12311096191406248,-0.08000000000004093,41.390341358032224,0.07556915283203125,0
1544.5913426876068,0.12621459960937498,0.08000000000004093,41.390341358032224,0.09845733642578125,0
1544.5972554683685,0.1293182373046875,0.05999999999994543,41.1221435736084,0.07556915283203125,0
1544.6022639274597,0.12793884277343748,-0.10000000000002274,41.38417589172363,0.09845733642578125,0
1544.608267068863,0.12414550781249999,0.05999999999994543,41.368762225952146,0.07556915283203125,0
1544.6122767925262,0.12276611328124999,0.05999999999994543,41.25161836608887,0.07556915283203125,0
1544.6263172626495,0.13518066406249998,0.05999999999994543,41.29785936340332,0.08319854736328125,0
1544.6504464149475,0.127593994140625,-0.08000000000004093,41.36567949279785,0.07556915283203125,0
1544.6633875370026,0.1389739990234375,0.05999999999994543,41.13755723937988,0.08319854736328125,0
1544.6676194667816,0.1272491455078125,0.05999999999994543,41.37801042541504,0.06793975830078125,0
1544.6723425388336,0.13104248046875,0.05999999999994543,41.529064349975584,0.09845733642578125,0
1544.6773357391357,0.126904296875,-0.10000000000002274,41.279362964477535,0.09845733642578125,0
1544.6813864707947,0.12552490234375,-0.08000000000004093,41.23928743347168,0.07556915283203125,0
1544.6863906383514,0.1286285400390625,0.05999999999994543,41.4150032232666,0.10608673095703125,0
1544.6922776699066,0.13345642089843748,0.05999999999994543,41.29785936340332,0.08319854736328125,0
1544.6964042186737,0.1306976318359375,0.05999999999994543,41.131391773071286,0.07556915283203125,0
1544.701563835144,0.132421875,0.03999999999996362,41.38417589172363,0.07556915283203125,0
1544.7055037021637,0.13311157226562498,0.03999999999996362,41.5105679510498,0.07556915283203125,0
1544.7112741470337,0.13000793457031248,-0.10000000000002274,41.26086656555176,0.09845733642578125,0
1544.716720342636,0.12793884277343748,0.05999999999994543,41.34718309387207,0.06793975830078125,0
1544.7223479747772,0.13345642089843748,0.05999999999994543,41.532147083129885,0.08319854736328125,0
1544.7363419532776,0.12966308593749998,0.05999999999994543,41.39958955749512,0.08319854736328125,0
1544.7612254619598,0.13862915039062498,-0.10000000000002274,41.26394929870605,0.08319854736328125,0
1544.7742762565613,0.1375946044921875,-0.10000000000002274,41.39958955749512,0.06793975830078125,0
1544.7776403427124,0.134490966796875,0.05999999999994543,41.23928743347168,0.09845733642578125,0
1544.7816410064697,0.134490966796875,-0.10000000000002274,41.25778383239746,0.08319854736328125,0
1544.786348104477,0.1431121826171875,-0.10000000000002274,41.390341358032224,0.09845733642578125,0
1544.791396856308,0.1424224853515625,-0.08000000000004093,41.30710756286621,0.09845733642578125,0
1544.7971935272217,0.1389739990234375,-0.08000000000004093,41.12522630676269,0.07556915283203125,0
1544.8021914958954,0.1362152099609375,0.05999999999994543,41.38725862487793,0.08319854736328125,0
1544.8066725730896,0.13828430175781248,-0.08000000000004093,41.40883775695801,0.09845733642578125,0
1544.8122549057007,0.1389739990234375,-0.08000000000004093,41.25161836608887,0.08319854736328125,0
1544.8172719478607,0.13862915039062498,-0.08000000000004093,41.35334856018066,0.06793975830078125,0
1544.822210073471,0.13690490722656248,-0.08000000000004093,41.532147083129885,0.09845733642578125,0
1544.8272695541382,0.13828430175781248,-0.08000000000004093,41.27628023132324,0.07556915283203125,0
1544.8316452503204,0.14552612304687498,0.05999999999994543,41.25161836608887,0.09845733642578125,0
1544.8453347682953,0.137939453125,0.05999999999994543,41.245452899780275,0.08319854736328125,0
1544.8703429698944,0.1375946044921875,0.03999999999996362,41.40267229064941,0.11371612548828125,0
1544.8832020759583,0.13690490722656248,-0.10000000000002274,41.32560396179199,0.07556915283203125,0
