16.3168044090271,0.035519409179687496,0.0,0.250839843749997,-12.081645507812521
16.331841707229614,0.04000244140625,0.0,-0.327773437500003,-12.142680664062521
16.341350555419922,0.0251739501953125,-0.10000000000002274,0.254501953124997,-12.112163085937521
16.351465463638306,0.0334503173828125,0.0,-0.393691406250003,-12.081645507812521
16.361807823181152,0.024139404296874997,-0.20000000000004547,-0.20326171875000298,-12.112163085937521
16.370813369750977,0.032070922851562496,0.0,0.368027343749997,-12.081645507812521
16.381434679031372,0.0334503173828125,0.0,-0.261855468750003,-12.051127929687521
16.391859769821167,0.04000244140625,0.0,-0.371718750000003,-12.157939453125021
16.413878440856934,0.03172607421875,0.0,0.08970703124999702,-12.051127929687521
16.432899713516235,0.0327606201171875,-0.10000000000002274,-0.21791015625000298,-12.051127929687521
16.441434860229492,0.026553344726562497,-0.10000000000002274,0.056748046874997016,-11.929057617187521
16.451465129852295,0.042761230468749994,-0.10000000000002274,0.08604492187499702,-11.898540039062521
16.46096444129944,0.022415161132812497,-0.20000000000004547,-0.349746093750003,-12.005351562500021
16.471465349197388,0.03310546875,-0.10000000000002274,0.803818359374997,-11.974833984375021
16.482406854629517,0.035864257812499994,0.0,0.613388671874997,-12.127421875000021
16.49193572998047,0.02620849609375,0.0,-0.15565429687500298,-12.127421875000021
16.50200057029724,0.0244842529296875,0.0,-0.499892578125003,-12.081645507812521
16.51185703277588,0.019656372070312497,0.0,0.664658203124997,-12.157939453125021
16.534428358078003,0.036553955078125,-0.20000000000004547,-0.16664062500000298,-12.051127929687521
16.551465272903442,0.03310546875,0.0,0.587753906249997,-12.005351562500021
16.555877208709717,0.0327606201171875,0.0,0.756210937499997,-12.005351562500021
16.561471939086914,0.04310607910156249,0.0,0.12632812499999702,-12.081645507812521
16.571897268295288,0.0451751708984375,0.0,-0.19227539062500298,-12.020610351562521
16.581891298294067,0.034140014648437494,0.0,-0.437636718750003,-12.020610351562521
16.591526985168457,0.042416381835937496,-0.20000000000004547,0.789169921874997,-12.035869140625021
16.602153301239014,0.035174560546875,0.0,-0.276503906250003,-12.112163085937521
16.611857175827026,0.029312133789062497,0.0,-0.08973632812500298,-12.081645507812521
16.632904767990112,0.037243652343749996,-0.20000000000004547,0.031113281249997016,-12.035869140625021
16.65119433403015,0.028622436523437496,0.0,-0.419326171875003,-11.929057617187521
16.661868810653687,0.035174560546875,0.0,0.646347656249997,-12.157939453125021
16.67152690887451,0.037588500976562494,0.0,-0.09339843750000298,-12.035869140625021
16.68153667449951,0.0382781982421875,-0.20000000000004547,-0.22889648437500298,-12.127421875000021
16.691925525665283,0.037243652343749996,-0.20000000000004547,-0.433974609375003,-12.142680664062521
16.701462745666504,0.04483032226562499,0.0,0.624374999999997,-12.112163085937521
16.712366580963135,0.04000244140625,0.0,-0.254531250000003,-11.959575195312521
16.72165012359619,0.0327606201171875,-0.20000000000004547,-0.551162109375003,-12.157939453125021
16.730727195739746,0.026898193359374996,0.0,0.463242187499997,-11.913798828125021
16.75374126434326,0.020001220703125,-0.20000000000004547,-0.357070312500003,-12.005351562500021
16.771528244018555,0.028622436523437496,-0.20000000000004547,0.617050781249997,-12.020610351562521
16.781752824783325,0.028967285156249998,0.0,-0.16664062500000298,-12.035869140625021
16.791996002197266,0.03965759277343749,0.0,0.12632812499999702,-12.142680664062521
16.801801919937134,0.035174560546875,-0.10000000000002274,0.543808593749997,-12.081645507812521
16.81146001815796,0.028277587890624997,0.0,0.20689453124999702,-12.005351562500021
16.82146167755127,0.034140014648437494,0.0,-0.18128906250000298,-12.005351562500021
16.83246898651123,0.0382781982421875,0.0,-0.573134765625003,-12.157939453125021
16.851897954940796,0.035174560546875,0.0,0.060410156249997016,-12.127421875000021
16.87156319618225,0.027243041992187498,0.0,0.851425781249997,-12.066386718750021
16.877576112747192,0.024139404296874997,-0.20000000000004547,0.400986328124997,-11.333964843750021
16.88257646560669,0.027587890624999997,0.0,0.368027343749997,-12.066386718750021
16.892444372177124,0.03172607421875,-0.20000000000004547,-0.15931640625000298,-12.173198242187521
16.902456998825073,0.03310546875,0.0,-0.17762695312500298,-12.081645507812521
16.912456274032593,0.044140624999999996,0.0,0.598740234374997,-12.127421875000021
16.921699285507202,0.035519409179687496,-0.20000000000004547,-0.280166015625003,-12.157939453125021
16.932433605194092,0.035519409179687496,0.0,0.005478515624997016,-12.112163085937521
16.941879749298096,0.038967895507812496,0.0,0.298447265624997,-12.051127929687521
16.978902578353882,0.037243652343749996,0.0,-0.686660156250003,-10.723613281250021
17.000425815582275,0.044485473632812494,0.0,-0.18495117187500298,-11.135600585937521
17.01092004776001,0.0362091064453125,0.0,-0.551162109375003,-12.157939453125021
17.016005039215088,0.03172607421875,0.0,-0.23255859375000298,-11.959575195312521
17.02242159843445,0.030346679687499996,-0.20000000000004547,0.792832031249997,-12.157939453125021
17.0324285030365,0.028967285156249998,0.0,0.18492187499999702,-12.081645507812521
17.041460275650024,0.042761230468749994,0.0,-0.507216796875003,-12.127421875000021
17.051824808120728,0.04000244140625,0.0,0.664658203124997,-12.142680664062521
17.07585906982422,0.0327606201171875,0.0,-0.18861328125000298,-12.081645507812521
17.096858978271484,0.030346679687499996,0.0,0.477890624999997,-12.203715820312521
17.106865882873535,0.0348297119140625,0.0,0.14830078124999702,-12.066386718750021
17.11187195777893,0.032070922851562496,-0.10000000000002274,-0.422988281250003,-12.066386718750021
17.12164282798767,0.037243652343749996,0.0,-0.613417968750003,-12.081645507812521
17.130657196044922,0.047933959960937494,0.0,0.17759765624999702,-12.020610351562521
17.141862154006958,0.0417266845703125,0.0,-0.06776367187500298,-12.112163085937521
17.15185260772705,0.038967895507812496,0.0,-0.664687500000003,-12.142680664062521
17.160968780517578,0.035174560546875,-0.20000000000004547,0.353378906249997,-12.035869140625021
17.18641209602356,0.035174560546875,0.0,-0.291152343750003,-12.081645507812521
17.209421396255493,0.031036376953124997,-0.10000000000002274,0.258164062499997,-10.525249023437521
17.217463493347168,0.0334503173828125,0.0,-0.408339843750003,-12.234233398437521
17.222768783569336,0.04310607910156249,0.0,-0.426650390625003,-12.142680664062521
17.231454610824585,0.04483032226562499,-0.20000000000004547,0.664658203124997,-12.112163085937521
17.240888118743896,0.030346679687499996,-0.20000000000004547,0.375351562499997,-12.142680664062521
17.25145697593689,0.035519409179687496,-0.10000000000002274,0.009140624999997016,-12.112163085937521
17.261906147003174,0.023794555664062498,0.0,-0.543837890625003,-12.035869140625021
17.27092146873474,0.030691528320312498,0.0,0.21055664062499702,-12.035869140625021
17.29670000076294,0.0327606201171875,-0.20000000000004547,0.660996093749997,-12.081645507812521
17.31872010231018,0.030346679687499996,-0.20000000000004547,-0.012832031250002984,-10.845683593750021
17.329718351364136,0.03965759277343749,0.0,-0.23255859375000298,-11.272929687500021
17.334748029708862,0.0348297119140625,0.0,-0.455947265625003,-12.005351562500021
17.34245729446411,0.02620849609375,-0.20000000000004547,0.606064453124997,-12.157939453125021
17.35173797607422,0.035519409179687496,0.0,0.474228515624997,-12.051127929687521
17.360745668411255,0.0334503173828125,0.0,0.038437499999997016,-12.157939453125021
17.37075114250183,0.038623046875,-0.20000000000004547,0.825791015624997,-11.959575195312521
17.38183307647705,0.028622436523437496,0.0,0.335068359374997,-11.974833984375021
17.41886878013611,0.04000244140625,0.0,0.305771484374997,-10.616801757812521
17.45145320892334,0.037588500976562494,0.0,0.573105468749997,-12.234233398437521
17.466466426849365,0.022760009765625,0.0,0.14830078124999702,-12.157939453125021
17.47347116470337,0.035864257812499994,0.0,-0.15931640625000298,-12.051127929687521
17.481836080551147,0.02620849609375,0.0,-0.24354492187500298,-12.203715820312521
17.49085021018982,0.034140014648437494,0.0,0.488876953124997,-12.035869140625021
17.52459216117859,0.0362091064453125,0.0,0.437607421874997,-12.234233398437521
17.54345679283142,0.031036376953124997,0.0,-0.045791015625002984,-10.647319335937521
17.552013635635376,0.012414550781249999,0.0,-0.397353515625003,-10.693095703125021
17.562451601028442,-0.018621826171874998,0.10000000000002274,0.477890624999997,-10.693095703125021
17.572457790374756,0.036553955078125,0.10000000000002274,0.573105468749997,-10.326884765625021
17.582464933395386,0.0079315185546875,0.6000000000000227,0.10069335937499702,-10.555766601562521
17.590738773345947,0.0037933349609374995,0.7000000000000455,-0.11537109375000298,-10.448955078125021
17.601518869400024,0.007586669921874999,0.39999999999997726,0.547470703124997,-10.555766601562521
17.625901222229004,0.016207885742187497,0.7000000000000455,0.840439453124997,-10.616801757812521
17.644485235214233,-0.04655456542968749,0.7999999999999545,-0.056777343750002984,-10.616801757812521
17.652421474456787,0.008966064453124999,0.6000000000000227,-0.357070312500003,-10.647319335937521
17.660911083221436,-0.032415771484374994,0.8999999999999773,0.686630859374997,-10.601542968750021
17.67192244529724,-0.0100006103515625,0.6000000000000227,0.693955078124997,-10.632060546875021
17.68090796470642,-0.05724487304687499,0.2999999999999545,0.038437499999997016,-10.601542968750021
17.691909313201904,0.0472442626953125,0.2999999999999545,-0.012832031250002984,-10.647319335937521
17.701913118362427,-0.058279418945312494,0.20000000000004547,0.928330078124997,-10.693095703125021
17.712071418762207,0.024829101562499997,-0.20000000000004547,0.335068359374997,-10.632060546875021
17.749449968338013,0.009310913085937499,0.20000000000004547,0.327744140624997,-8.846782226562521
17.780911684036255,0.009310913085937499,0.0,-0.031142578125002984,-10.555766601562521
17.79563879966736,-0.0362091064453125,-0.20000000000004547,-0.08241210937500298,-10.632060546875021
17.801910877227783,-0.02620849609375,-0.20000000000004547,-0.06776367187500298,-10.601542968750021
17.811447858810425,0.019656372070312497,0.10000000000002274,0.990585937499997,-10.647319335937521
17.820684671401978,-0.016897583007812498,0.0,0.624374999999997,-10.403178710937521
17.859450817108154,0.03965759277343749,-0.20000000000004547,0.21055664062499702,-8.907817382812521
17.89077639579773,0.051382446289062494,-0.20000000000004547,0.693955078124997,-9.197734375000021
17.905783891677856,-0.013793945312499998,-0.2999999999999545,-0.07875000000000298,-10.586284179687521
17.912915468215942,0.010690307617187499,-0.10000000000002274,0.913681640624997,-10.616801757812521
17.921921968460083,0.015518188476562498,0.39999999999997726,0.763535156249997,-9.045146484375021
17.93096899986267,-0.038967895507812496,0.39999999999997726,0.11534179687499702,-9.274028320312521
17.968448400497437,-0.06207275390624999,0.20000000000004547,0.327744140624997,-8.892558593750021
17.990714073181152,-0.026553344726562497,0.39999999999997726,0.792832031249997,-10.357402343750021
18.002416133880615,0.04552001953125,0.2999999999999545,0.411972656249997,-10.494731445312521
18.012450456619263,0.0058624267578125,-0.2999999999999545,0.11534179687499702,-10.586284179687521
18.022408485412598,0.006896972656249999,-0.2999999999999545,0.049423828124997016,-9.212993164062521
18.030911922454834,0.015518188476562498,-0.20000000000004547,0.924667968749997,-9.579204101562521
18.042453050613403,0.0010345458984375,0.10000000000002274,0.012802734374997016,-10.525249023437521
18.068469047546387,-0.015173339843749998,0.20000000000004547,0.825791015624997,-8.923076171875021
18.091413259506226,-0.008966064453124999,0.10000000000002274,-0.24354492187500298,-10.311625976562521
18.10241937637329,0.0086212158203125,-0.10000000000002274,0.723251953124997,-10.586284179687521
18.112431287765503,-0.044485473632812494,0.0,0.298447265624997,-10.601542968750021
18.122456073760986,0.0524169921875,-0.10000000000002274,-0.060439453125002984,-10.220073242187521
18.132447242736816,-0.041036987304687494,0.10000000000002274,1.008896484374997,-10.632060546875021
18.14190173149109,0.05690002441406249,-0.20000000000004547,0.496201171874997,-10.601542968750021
18.169920206069946,-0.0034484863281249996,-0.10000000000002274,0.910019531249997,-8.831523437500021
18.192965507507324,-0.016897583007812498,-0.10000000000002274,-0.07875000000000298,-10.754130859375021
18.203954696655273,-0.016207885742187497,0.10000000000002274,0.884384765624997,-10.494731445312521
18.211448192596436,0.012759399414062499,0.10000000000002274,0.708603515624997,-10.616801757812521
18.221508741378784,-0.016897583007812498,0.0,0.012802734374997016,-9.899638671875021
18.2318754196167,0.0468994140625,-0.20000000000004547,-0.12269531250000298,-10.601542968750021
18.240888118743896,-0.054486083984374996,-0.10000000000002274,0.975937499999997,-10.509990234375021
18.250815391540527,0.04655456542968749,-0.10000000000002274,0.693955078124997,-10.525249023437521
18.261886596679688,-0.02620849609375,-0.10000000000002274,-0.364394531250003,-10.509990234375021
18.286903381347656,0.0024139404296875,-0.10000000000002274,0.335068359374997,-10.448955078125021
18.310442686080933,0.014483642578124999,-0.10000000000002274,-0.357070312500003,-8.816264648437521
18.32093858718872,-0.04655456542968749,-0.20000000000004547,0.792832031249997,-9.274028320312521
18.325932025909424,-0.0027587890624999997,0.0,0.364365234374997,-9.243510742187521
18.331936836242676,0.049313354492187496,0.0,0.08238281249999702,-9.228251953125021
18.340838193893433,-0.03965759277343749,0.0,-0.11537109375000298,-9.426616210937521
18.350968837738037,0.048968505859375,-0.20000000000004547,0.877060546874997,-9.441875000000021
18.362077951431274,-0.04310607910156249,-0.2999999999999545,0.316757812499997,-10.448955078125021
18.372105836868286,0.0403472900390625,0.0,-0.023818359375002984,-9.228251953125021
18.40044069290161,-0.011724853515625,0.10000000000002274,0.07872070312499702,-8.770488281250021
18.42322826385498,-0.030691528320312498,0.0,0.825791015624997,-10.509990234375021
18.43441390991211,0.027243041992187498,0.10000000000002274,0.426621093749997,-10.143779296875021
18.441412687301636,-0.035519409179687496,0.0,1.012558593749997,-10.464213867187521
18.452341318130493,0.024139404296874997,-0.10000000000002274,-0.302138671875003,-10.525249023437521
18.462018966674805,0.0079315185546875,-0.20000000000004547,0.704941406249997,-10.555766601562521
18.472299575805664,-0.0072418212890624995,-0.10000000000002274,0.316757812499997,-10.555766601562521
18.502331256866455,0.0010345458984375,-0.20000000000004547,0.617050781249997,-10.525249023437521
18.526625394821167,0.025863647460937497,0.20000000000004547,-0.23622070312500298,-10.632060546875021
18.535618782043457,-0.0082763671875,0.0,0.712265624999997,-10.647319335937521
18.54139471054077,-0.0193115234375,0.0,0.785507812499997,-9.960673828125021
18.551358222961426,0.04310607910156249,0.10000000000002274,0.368027343749997,-10.494731445312521
18.56239080429077,-0.06034851074218749,0.20000000000004547,-0.280166015625003,-10.525249023437521
18.572402238845825,0.049658203124999994,-0.10000000000002274,0.646347656249997,-9.136699218750021
18.580623388290405,0.0013793945312499999,0.0,0.18858398437499702,-10.525249023437521
18.619648218154907,-0.036553955078125,0.0,0.382675781249997,-8.739970703125021
18.6516695022583,-0.008966064453124999,-0.20000000000004547,0.642685546874997,-10.555766601562521
18.66671109199524,0.013793945312499998,0.10000000000002274,-0.11170898437500298,-10.540507812500021
18.67189311981201,0.0148284912109375,0.0,0.953964843749997,-9.212993164062521
18.68291664123535,-0.027587890624999997,-0.10000000000002274,0.650009765624997,-10.662578125000021
18.692376136779785,0.035174560546875,-0.20000000000004547,0.309433593749997,-10.708354492187521
18.73301887512207,-0.052761840820312496,0.10000000000002274,-0.060439453125002984,-10.693095703125021
18.76839518547058,0.0058624267578125,0.0,-0.272841796875003,-8.877299804687521
18.77885103225708,-0.006896972656249999,0.0,0.565781249999997,-8.892558593750021
18.783854007720947,0.016207885742187497,-0.39999999999997726,0.913681640624997,-10.601542968750021
18.79190421104431,0.023794555664062498,-0.10000000000002274,0.609726562499997,-9.884379882812521
18.801965475082397,0.016207885742187497,-0.10000000000002274,0.17393554687499702,-10.647319335937521
18.8339900970459,0.0082763671875,0.0,0.316757812499997,-10.509990234375021
18.872056245803833,-0.038967895507812496,-0.10000000000002274,0.22886718749999702,-9.701274414062521
18.883028984069824,0.028622436523437496,0.10000000000002274,1.085800781249997,-10.586284179687521
18.892027616500854,-0.037588500976562494,0.10000000000002274,0.712265624999997,-10.616801757812521
18.90243649482727,0.008966064453124999,-0.20000000000004547,0.397324218749997,-10.555766601562521
18.911085605621338,0.010690307617187499,-0.10000000000002274,0.06407226562499702,-10.418437500000021
18.93861198425293,0.0037933349609374995,0.0,0.12999023437499702,-8.846782226562521
18.96116590499878,0.008966064453124999,-0.2999999999999545,0.840439453124997,-10.555766601562521
18.971438884735107,-0.02344970703125,-0.10000000000002274,0.470566406249997,-10.098002929687521
18.97582721710205,-0.025863647460937497,-0.10000000000002274,0.327744140624997,-10.586284179687521
18.980831384658813,0.022760009765625,-0.10000000000002274,-0.22523437500000298,-10.006450195312521
18.990702152252197,0.0313812255859375,0.0,0.07505859374999702,-10.632060546875021
19.00177264213562,-0.093798828125,0.0,0.514511718749997,-10.586284179687521
19.012290954589844,0.017242431640625,-0.2999999999999545,0.11534179687499702,-10.662578125000021
19.021593809127808,0.07690124511718749,0.20000000000004547,-0.038466796875002984,-10.616801757812521
19.04944109916687,-0.0013793945312499999,0.0,0.16294921874999702,-8.892558593750021
19.08208394050598,-0.032415771484374994,-0.7000000000000455,0.470566406249997,-10.601542968750021
19.097093105316162,0.028622436523437496,0.5,0.803818359374997,-10.555766601562521
19.10566020011902,-0.012069702148437498,0.10000000000002274,0.620712890624997,-10.342143554687521
19.110665798187256,-0.049313354492187496,-0.20000000000004547,0.536484374999997,-10.250590820312521
19.12187099456787,0.0382781982421875,-0.20000000000004547,-0.09706054687500298,-10.128520507812521
19.13213539123535,0.032070922851562496,0.0,-0.335097656250003,-10.586284179687521
19.167606592178345,0.0058624267578125,-0.10000000000002274,0.324082031249997,-8.938334960937521
19.18491840362549,-0.008966064453124999,-0.2999999999999545,0.452255859374997,-10.632060546875021
19.194435119628906,-0.026553344726562497,0.0,0.979599609374997,-10.662578125000021
19.2015061378479,0.014483642578124999,0.20000000000004547,-0.22889648437500298,-10.509990234375021
19.21144413948059,-0.042071533203125,0.20000000000004547,0.983261718749997,-10.509990234375021
19.220683097839355,0.04000244140625,0.10000000000002274,0.13365234374999702,-10.036967773437521
19.23198366165161,-0.0024139404296875,-0.10000000000002274,0.11534179687499702,-10.708354492187521
19.241978406906128,-0.014138793945312499,-0.20000000000004547,0.858749999999997,-10.616801757812521
19.264880895614624,-0.0148284912109375,-0.2999999999999545,0.283798828124997,-10.586284179687521
19.28289008140564,0.020690917968749997,0.0,0.961289062499997,-10.693095703125021
19.290905952453613,0.028622436523437496,-0.10000000000002274,0.565781249999997,-10.021708984375021
19.301918268203735,-0.037588500976562494,-0.10000000000002274,-0.031142578125002984,-10.326884765625021
19.311927556991577,0.030691528320312498,-0.20000000000004547,0.723251953124997,-10.555766601562521
19.32173204421997,0.015518188476562498,0.10000000000002274,0.928330078124997,-9.548686523437521
19.331435918807983,-0.0486236572265625,0.10000000000002274,0.258164062499997,-10.540507812500021
19.34198522567749,0.04000244140625,-0.2999999999999545,-0.14466796875000298,-10.540507812500021
19.352009773254395,0.027587890624999997,0.10000000000002274,0.866074218749997,-10.647319335937521
19.376755952835083,-0.010345458984374998,0.10000000000002274,0.056748046874997016,-10.601542968750021
19.391708374023438,-0.07793579101562499,-0.20000000000004547,1.027207031249997,-10.448955078125021
19.401434183120728,-0.010345458984374998,0.2999999999999545,0.320419921874997,-10.586284179687521
19.411543369293213,0.008966064453124999,0.0,0.668320312499997,-10.601542968750021
19.422123193740845,0.020690917968749997,0.10000000000002274,-0.272841796875003,-9.579204101562521
19.43172335624695,0.0065521240234375,-0.5,0.880722656249997,-10.433696289062521
19.440895557403564,0.0013793945312499999,-0.5,0.558457031249997,-9.609721679687521
19.451719284057617,0.015518188476562498,-0.2999999999999545,-0.21791015625000298,-10.525249023437521
19.462408542633057,0.025863647460937497,0.0,1.107773437499997,-10.616801757812521
19.487404108047485,-0.022760009765625,0.20000000000004547,0.20323242187499702,-10.250590820312521
19.50482201576233,-0.016207885742187497,0.0,0.20689453124999702,-10.113261718750021
19.511440992355347,-0.004827880859375,0.2999999999999545,0.023789062499997016,-10.326884765625021
19.521889448165894,0.007586669921874999,-0.20000000000004547,0.038437499999997016,-9.640239257812521
19.53188967704773,0.022760009765625,0.0,1.052841796874997,-10.647319335937521
19.54243516921997,-0.0072418212890624995,-0.10000000000002274,0.492539062499997,-10.540507812500021
19.551915645599365,0.006896972656249999,0.0,-0.11170898437500298,-10.509990234375021
19.562070608139038,-0.038623046875,0.10000000000002274,0.09703124999999702,-10.647319335937521
19.571619033813477,0.020346069335937498,0.10000000000002274,0.715927734374997,-10.311625976562521
19.59464192390442,-0.013449096679687498,0.10000000000002274,0.053085937499997016,-10.509990234375021
19.61268186569214,0.0148284912109375,-0.10000000000002274,0.521835937499997,-9.182475585937521
19.62068009376526,-0.03172607421875,0.10000000000002274,0.07505859374999702,-9.930156250000021
19.631402492523193,0.0193115234375,-0.20000000000004547,-0.426650390625003,-9.182475585937521
19.641405820846558,0.012414550781249999,-0.20000000000004547,0.924667968749997,-9.136699218750021
19.650891542434692,-0.002069091796875,0.0,0.840439453124997,-9.182475585937521
19.661841869354248,0.0017242431640624998,0.0,-0.338759765625003,-9.197734375000021
19.670593976974487,0.012759399414062499,-0.10000000000002274,0.781845703124997,-9.930156250000021
19.680700540542603,-0.0024139404296875,0.0,0.598740234374997,-9.136699218750021
19.704970836639404,-0.005172729492187499,0.0,1.030869140624997,-9.136699218750021
19.722817420959473,0.0017242431640624998,0.0,0.521835937499997,-10.296367187500021
19.73149609565735,0.004483032226562499,0.0,0.12632812499999702,-10.281108398437521
19.74143409729004,-0.0100006103515625,-0.10000000000002274,-0.382705078125003,-10.540507812500021
19.7514967918396,0.00413818359375,-0.10000000000002274,0.756210937499997,-10.586284179687521
19.76190948486328,-0.006207275390624999,0.0,0.448593749999997,-10.632060546875021
19.771323680877686,-0.0055175781249999995,0.0,0.23252929687499702,-10.296367187500021
19.782395839691162,0.0058624267578125,0.0,-0.280166015625003,-9.136699218750021
19.791945695877075,0.004827880859375,0.0,0.650009765624997,-9.212993164062521
19.814974546432495,0.013104248046875,0.0,0.016464843749997016,-9.182475585937521
19.83339762687683,-0.007586669921874999,-0.10000000000002274,0.364365234374997,-10.555766601562521
19.841469049453735,-0.012759399414062499,0.0,0.250839843749997,-9.518168945312521
19.851969480514526,-0.0034484863281249996,0.0,0.693955078124997,-10.586284179687521
19.86142349243164,0.0031036376953124997,0.0,0.708603515624997,-10.555766601562521
19.87185835838318,0.0058624267578125,-0.20000000000004547,0.261826171874997,-10.021708984375021
19.881457328796387,0.0,-0.10000000000002274,0.24351562499999702,-10.342143554687521
19.890987873077393,-0.0031036376953124997,-0.10000000000002274,1.008896484374997,-10.632060546875021
19.901891469955444,0.0034484863281249996,0.10000000000002274,0.759873046874997,-10.601542968750021
19.924917697906494,-0.0006896972656249999,-0.10000000000002274,0.635361328124997,-10.464213867187521
19.94346022605896,-0.005172729492187499,-0.10000000000002274,0.15196289062499702,-10.586284179687521
19.950912952423096,0.0034484863281249996,0.10000000000002274,-0.675673828125003,-10.540507812500021
19.961918115615845,-0.0082763671875,0.10000000000002274,0.990585937499997,-10.296367187500021
19.97212290763855,0.0065521240234375,-0.10000000000002274,0.781845703124997,-9.167216796875021
19.982125997543335,-0.0024139404296875,-0.10000000000002274,0.573105468749997,-10.525249023437521
19.99170708656311,0.0,-0.10000000000002274,0.15196289062499702,-10.586284179687521
20.001964569091797,0.020346069335937498,-0.10000000000002274,-0.280166015625003,-10.387919921875021
20.011971473693848,-0.0027587890624999997,-0.10000000000002274,0.448593749999997,-10.555766601562521
20.043992519378662,-0.0148284912109375,-0.20000000000004547,0.928330078124997,-10.448955078125021
20.068007946014404,0.004483032226562499,0.0,-0.15565429687500298,-8.801005859375021
20.075012683868408,0.013104248046875,0.0,0.752548828124997,-10.540507812500021
20.082017183303833,-0.002069091796875,0.0,0.730576171874997,-10.342143554687521
20.092024087905884,-0.0055175781249999995,-0.10000000000002274,0.254501953124997,-9.853862304687521
20.102030515670776,0.0010345458984375,0.0,-0.031142578125002984,-10.586284179687521
20.112037181854248,-0.011724853515625,0.0,0.664658203124997,-10.464213867187521
20.13205051422119,-0.0058624267578125,0.0,0.463242187499997,-9.777568359375021
20.15406608581543,0.0010345458984375,-0.10000000000002274,0.877060546874997,-10.601542968750021
20.162071704864502,-0.0055175781249999995,0.0,0.426621093749997,-10.418437500000021
20.172078609466553,0.0034484863281249996,-0.10000000000002274,0.15196289062499702,-8.923076171875021
20.182085037231445,0.0017242431640624998,-0.10000000000002274,0.400986328124997,-10.555766601562521
20.192092418670654,0.016897583007812498,-0.10000000000002274,0.598740234374997,-10.632060546875021
20.202105283737183,-0.0037933349609374995,-0.10000000000002274,0.280136718749997,-10.632060546875021
20.210985898971558,0.0010345458984375,-0.10000000000002274,0.558457031249997,-10.525249023437521
20.222145080566406,-0.018966674804687497,-0.10000000000002274,0.770859374999997,-9.991191406250021
20.24160099029541,0.008966064453124999,0.0,0.14830078124999702,-9.792827148437521
20.277626276016235,-0.0072418212890624995,-0.10000000000002274,0.031113281249997016,-8.831523437500021
20.285631895065308,0.0065521240234375,-0.20000000000004547,-0.17762695312500298,-9.411357421875021
20.290635585784912,0.012069702148437498,-0.10000000000002274,1.060166015624997,-9.136699218750021
20.300691604614258,-0.017242431640625,-0.10000000000002274,0.18492187499999702,-9.136699218750021
20.311389684677124,0.0113800048828125,-0.10000000000002274,0.877060546874997,-10.403178710937521
20.32170081138611,-0.0079315185546875,0.0,1.027207031249997,-9.823344726562521
20.330758094787598,-0.019656372070312497,0.0,-0.08607421875000298,-10.525249023437521
20.341455936431885,-0.004483032226562499,0.0,0.382675781249997,-10.509990234375021
20.365939617156982,-0.0013793945312499999,0.0,0.488876953124997,-10.555766601562521
20.384929418563843,-0.024829101562499997,-0.10000000000002274,-0.21424804687500298,-10.616801757812521
20.391653776168823,-0.0113800048828125,-0.10000000000002274,0.811142578124997,-10.555766601562521
20.400763273239136,-0.02344970703125,0.0,0.635361328124997,-10.509990234375021
20.410935163497925,-0.008966064453124999,0.0,-0.08241210937500298,-10.509990234375021
20.42195749282837,-0.016207885742187497,0.0,-0.324111328125003,-10.082744140625021
20.43174982070923,-0.009310913085937499,-0.10000000000002274,0.997910156249997,-10.509990234375021
20.442244291305542,0.0058624267578125,-0.10000000000002274,0.624374999999997,-10.494731445312521
20.452059507369995,-0.010345458984374998,-0.10000000000002274,0.012802734374997016,-10.418437500000021
20.476922750473022,-0.0055175781249999995,0.0,0.591416015624997,-10.326884765625021
20.49260926246643,-0.0113800048828125,-0.10000000000002274,0.671982421874997,-10.509990234375021
20.50061297416687,0.029656982421875,0.0,0.07505859374999702,-9.548686523437521
20.510701656341553,0.007586669921874999,-0.10000000000002274,0.320419921874997,-10.555766601562521
20.522070169448853,-0.015863037109375,0.0,0.18492187499999702,-9.792827148437521
20.531389474868774,-0.0082763671875,-0.10000000000002274,-0.15565429687500298,-10.601542968750021
20.542418956756592,-0.012069702148437498,0.0,0.770859374999997,-10.464213867187521
20.55190420150757,-0.005172729492187499,-0.10000000000002274,0.034775390624997016,-10.586284179687521
20.587942838668823,-0.0055175781249999995,-0.10000000000002274,0.291123046874997,-8.816264648437521
20.62195587158203,-0.03448486328125,-0.10000000000002274,0.23619140624999702,-8.999370117187521
20.637393474578857,0.0086212158203125,0.0,0.957626953124997,-9.075664062500021
20.64195466041565,-0.016897583007812498,-0.10000000000002274,0.737900390624997,-9.274028320312521
20.65194582939148,-0.0072418212890624995,-0.10000000000002274,0.668320312499997,-9.212993164062521
20.6619291305542,-0.013793945312499998,-0.10000000000002274,-0.08973632812500298,-9.197734375000021
20.703155040740967,-0.012759399414062499,0.0,-0.060439453125002984,-10.464213867187521
20.740382432937622,-0.006207275390624999,-0.10000000000002274,-0.042128906250002984,-8.617900390625021
20.751227140426636,-0.02344970703125,-0.10000000000002274,0.913681640624997,-10.647319335937521
20.75623631477356,-0.00965576171875,0.0,0.862412109374997,-10.418437500000021
20.762239933013916,-0.030001831054687497,-0.10000000000002274,0.591416015624997,-9.930156250000021
20.772247076034546,0.007586669921874999,0.0,0.305771484374997,-10.021708984375021
20.803349494934082,-0.030691528320312498,0.0,0.302109374999997,-10.525249023437521
20.84484839439392,-0.0031036376953124997,-0.10000000000002274,-0.049453125000002984,-10.509990234375021
20.860419988632202,-0.0024139404296875,0.0,0.840439453124997,-8.877299804687521
20.86485528945923,-0.010345458984374998,-0.10000000000002274,0.415634765624997,-10.525249023437521
20.872307300567627,-0.017242431640625,0.0,0.19957031249999702,-9.579204101562521
20.881845235824585,0.0006896972656249999,0.0,-0.13001953125000298,-10.601542968750021
20.920873880386353,0.0,0.0,-0.20326171875000298,-10.509990234375021
20.953906536102295,-0.0037933349609374995,-0.10000000000002274,0.06773437499999702,-10.708354492187521
20.96891188621521,0.004483032226562499,-0.20000000000004547,0.986923828124997,-8.831523437500021
20.974019050598145,0.010345458984374998,-0.10000000000002274,0.617050781249997,-10.616801757812521
20.982104301452637,0.007586669921874999,-0.20000000000004547,0.18492187499999702,-10.281108398437521
20.991759777069092,0.0100006103515625,-0.10000000000002274,-0.031142578125002984,-10.464213867187521
21.018953323364258,0.013793945312499998,0.0,1.012558593749997,-8.801005859375021
21.036957502365112,-0.0013793945312499999,0.0,0.811142578124997,-9.029887695312521
21.045971393585205,-0.00034484863281249997,-0.10000000000002274,0.536484374999997,-9.106181640625021
21.051984071731567,-0.010345458984374998,-0.10000000000002274,0.261826171874997,-9.106181640625021
21.061980485916138,0.0055175781249999995,-0.10000000000002274,-0.477919921875003,-8.907817382812521
21.07135033607483,0.0034484863281249996,-0.10000000000002274,0.796494140624997,-10.433696289062521
21.08188557624817,0.017242431640625,-0.10000000000002274,0.591416015624997,-10.418437500000021
21.091898441314697,-0.00034484863281249997,-0.10000000000002274,0.08238281249999702,-10.464213867187521
21.10198950767517,0.020690917968749997,-0.10000000000002274,-0.042128906250002984,-10.555766601562521
21.12600541114807,0.010690307617187499,0.10000000000002274,0.547470703124997,-10.632060546875021
21.14801788330078,0.013104248046875,-0.10000000000002274,0.650009765624997,-8.892558593750021
21.15202045440674,0.007586669921874999,-0.10000000000002274,0.928330078124997,-10.540507812500021
21.16202664375305,0.004827880859375,-0.10000000000002274,0.397324218749997,-10.616801757812521
21.17203378677368,-0.006207275390624999,-0.10000000000002274,0.12999023437499702,-9.823344726562521
21.181909322738647,-0.002069091796875,-0.10000000000002274,0.737900390624997,-10.494731445312521
21.191916465759277,-0.004827880859375,-0.10000000000002274,0.529160156249997,-10.632060546875021
21.201876878738403,0.008966064453124999,-0.10000000000002274,-0.15199218750000298,-10.525249023437521
21.21188974380493,0.0065521240234375,0.10000000000002274,0.452255859374997,-10.632060546875021
21.247915983200073,0.0100006103515625,-0.10000000000002274,0.316757812499997,-8.846782226562521
21.281893730163574,-0.0034484863281249996,-0.10000000000002274,-0.22889648437500298,-10.647319335937521
21.297931909561157,0.006896972656249999,-0.10000000000002274,0.547470703124997,-8.923076171875021
21.302961349487305,-0.0079315185546875,-0.10000000000002274,0.269150390624997,-10.509990234375021
21.311030626296997,0.0010345458984375,-0.10000000000002274,-0.08973632812500298,-10.509990234375021
21.32093858718872,0.009310913085937499,-0.10000000000002274,1.049179687499997,-10.540507812500021
21.35696792602539,0.0175872802734375,-0.10000000000002274,1.078476562499997,-10.586284179687521
21.380704164505005,-0.0013793945312499999,0.10000000000002274,0.280136718749997,-10.220073242187521
21.39197874069214,0.0079315185546875,-0.10000000000002274,-0.401015625000003,-10.509990234375021
21.402411699295044,0.011035156249999999,-0.10000000000002274,-0.06776367187500298,-10.525249023437521
21.412368059158325,-0.0055175781249999995,-0.10000000000002274,0.056748046874997016,-10.662578125000021
21.422101259231567,0.0010345458984375,-0.10000000000002274,0.990585937499997,-9.838603515625021
21.430672645568848,0.0024139404296875,0.10000000000002274,0.679306640624997,-10.586284179687521
21.467695236206055,-0.0013793945312499999,-0.10000000000002274,0.899033203124997,-8.877299804687521
21.50186061859131,0.010690307617187499,-0.10000000000002274,0.606064453124997,-10.555766601562521
21.51687741279602,0.006207275390624999,-0.10000000000002274,0.11534179687499702,-10.586284179687521
21.521881103515625,0.002069091796875,-0.10000000000002274,0.060410156249997016,-9.747050781250021
21.531410455703735,-0.0027587890624999997,-0.10000000000002274,-0.258193359375003,-10.616801757812521
21.5409095287323,0.0010345458984375,-0.10000000000002274,0.796494140624997,-10.586284179687521
21.576821327209473,0.0,0.10000000000002274,0.682968749999997,-10.464213867187521
21.611408710479736,0.0100006103515625,-0.10000000000002274,0.595078124999997,-10.464213867187521
21.625852346420288,0.009310913085937499,-0.10000000000002274,0.411972656249997,-10.586284179687521
21.631364583969116,0.025863647460937497,-0.10000000000002274,0.309433593749997,-10.509990234375021
21.641895055770874,0.006207275390624999,-0.10000000000002274,-0.353408203125003,-10.555766601562521
21.674912214279175,0.013793945312499998,0.10000000000002274,-0.031142578125002984,-10.738872070312521
21.718942880630493,0.007586669921874999,0.10000000000002274,0.595078124999997,-8.846782226562521
21.730363607406616,0.0013793945312499999,-0.10000000000002274,0.521835937499997,-8.877299804687521
21.734901905059814,-0.004827880859375,-0.10000000000002274,0.400986328124997,-10.601542968750021
21.741364240646362,-0.0013793945312499999,-0.10000000000002274,0.24717773437499702,-10.464213867187521
21.751363277435303,-0.0055175781249999995,-0.10000000000002274,-0.298476562500003,-10.509990234375021
21.775946140289307,-0.0010345458984375,-0.10000000000002274,0.07505859374999702,-10.586284179687521
21.814982175827026,0.0082763671875,0.10000000000002274,0.10435546874999702,-10.540507812500021
21.824920654296875,0.0058624267578125,-0.10000000000002274,0.836777343749997,-10.601542968750021
21.831363916397095,-0.0037933349609374995,-0.10000000000002274,0.906357421874997,-10.586284179687521
21.841363668441772,0.0055175781249999995,-0.10000000000002274,0.397324218749997,-10.586284179687521
21.851173400878906,0.013793945312499998,-0.10000000000002274,0.12266601562499702,-10.601542968750021
21.862339973449707,0.0034484863281249996,-0.10000000000002274,0.862412109374997,-10.586284179687521
21.886932373046875,0.0,0.10000000000002274,-0.15565429687500298,-10.616801757812521
21.904894590377808,0.004483032226562499,-0.10000000000002274,0.331406249999997,-10.235332031250021
21.9129478931427,0.0010345458984375,-0.10000000000002274,0.15928710937499702,-10.586284179687521
21.921574354171753,-0.002069091796875,-0.10000000000002274,-0.22889648437500298,-9.960673828125021
21.931580543518066,-0.012069702148437498,-0.10000000000002274,0.913681640624997,-10.555766601562521
21.94157600402832,0.010690307617187499,-0.10000000000002274,-0.005507812500002984,-10.326884765625021
21.951582670211792,0.0079315185546875,-0.10000000000002274,-0.272841796875003,-10.601542968750021
21.96231961250305,0.0024139404296875,-0.10000000000002274,0.913681640624997,-10.555766601562521
21.970592260360718,0.0,-0.10000000000002274,0.562119140624997,-10.555766601562521
21.990639448165894,0.002069091796875,-0.10000000000002274,0.23252929687499702,-10.311625976562521
22.005651473999023,0.0013793945312499999,-0.10000000000002274,1.052841796874997,-9.991191406250021
22.014406204223633,-0.00034484863281249997,-0.10000000000002274,0.411972656249997,-10.647319335937521
22.022026777267456,0.0113800048828125,-0.10000000000002274,0.13365234374999702,-9.838603515625021
22.03164577484131,0.010690307617187499,-0.10000000000002274,1.085800781249997,-10.540507812500021
22.042409658432007,0.0082763671875,-0.10000000000002274,0.671982421874997,-10.509990234375021
22.05169939994812,-0.0037933349609374995,-0.10000000000002274,0.10069335937499702,-10.540507812500021
22.0608651638031,-0.0113800048828125,-0.10000000000002274,0.836777343749997,-10.616801757812521
22.072226524353027,0.0006896972656249999,-0.10000000000002274,0.24351562499999702,-9.853862304687521
22.08204698562622,-0.00965576171875,0.0,0.584091796874997,-10.586284179687521
22.10103940963745,-0.0006896972656249999,-0.10000000000002274,-0.331435546875003,-10.647319335937521
22.115947484970093,0.00413818359375,-0.10000000000002274,0.452255859374997,-10.601542968750021
22.12436842918396,0.0013793945312499999,-0.10000000000002274,0.316757812499997,-10.555766601562521
22.13192892074585,0.008966064453124999,-0.10000000000002274,-0.08973632812500298,-10.494731445312521
22.14080500602722,0.0031036376953124997,0.10000000000002274,0.910019531249997,-10.494731445312521
22.152074813842773,0.0217254638671875,-0.10000000000002274,0.20689453124999702,-10.601542968750021
22.16192078590393,-0.0100006103515625,-0.10000000000002274,0.053085937499997016,-10.616801757812521
22.171967029571533,-0.0082763671875,-0.10000000000002274,0.906357421874997,-10.006450195312521
22.18210744857788,-0.00034484863281249997,-0.10000000000002274,0.613388671874997,-10.540507812500021
22.190699100494385,-0.0100006103515625,0.0,0.14463867187499702,-10.494731445312521
22.2120840549469,-0.0175872802734375,0.0,1.001572265624997,-10.601542968750021
22.226904153823853,-0.0034484863281249996,0.0,0.514511718749997,-10.647319335937521
22.234906673431396,-0.0079315185546875,0.0,-0.14466796875000298,-10.509990234375021
22.243809700012207,-0.0055175781249999995,0.0,1.030869140624997,-10.509990234375021
22.250905990600586,0.0079315185546875,0.0,0.492539062499997,-10.693095703125021
22.261823892593384,-0.002069091796875,0.0,0.15196289062499702,-10.509990234375021
22.271867752075195,-0.006207275390624999,0.0,0.836777343749997,-10.296367187500021
22.2820942401886,-0.0027587890624999997,0.0,0.910019531249997,-10.128520507812521
22.29210329055786,0.0031036376953124997,0.0,0.514511718749997,-10.540507812500021
22.300626039505005,-0.0027587890624999997,0.0,0.07505859374999702,-10.616801757812521
22.34036135673523,-0.004827880859375,0.0,0.049423828124997016,-9.319804687500021
22.375096321105957,0.00413818359375,0.0,0.056748046874997016,-10.647319335937521
22.389806270599365,-0.0010345458984375,0.0,1.019882812499997,-8.785747070312521
22.395841598510742,0.0055175781249999995,-0.20000000000004547,0.598740234374997,-9.136699218750021
22.40240240097046,-0.0031036376953124997,-0.20000000000004547,0.327744140624997,-9.212993164062521
22.41191577911377,0.0017242431640624998,0.0,0.009140624999997016,-9.212993164062521
22.451878309249878,-0.006207275390624999,0.0,-0.386367187500003,-10.616801757812521
22.490399837493896,-0.005172729492187499,0.0,-0.276503906250003,-9.289287109375021
22.501399278640747,-0.00034484863281249997,0.0,0.917343749999997,-10.616801757812521
22.510627508163452,0.0006896972656249999,0.0,0.250839843749997,-10.662578125000021
22.52198052406311,-0.012069702148437498,-0.20000000000004547,-0.08241210937500298,-10.235332031250021
22.55800175666809,-0.004827880859375,0.0,0.18492187499999702,-8.877299804687521
22.58040165901184,-0.016207885742187497,0.0,0.657333984374997,-8.831523437500021
22.590674877166748,0.010690307617187499,0.0,0.042099609374997016,-9.411357421875021
22.59467649459839,-0.007586669921874999,0.0,0.24717773437499702,-10.342143554687521
22.600600481033325,-0.0031036376953124997,0.0,-0.554824218750003,-10.296367187500021
22.612049102783203,0.0031036376953124997,0.0,0.587753906249997,-10.555766601562521
22.621666431427002,0.0013793945312499999,0.0,0.10069335937499702,-9.655498046875021
22.63137149810791,0.0058624267578125,0.0,0.14830078124999702,-10.296367187500021
22.661405086517334,-0.013449096679687498,0.0,0.309433593749997,-10.616801757812521
22.68042755126953,0.0024139404296875,-0.20000000000004547,0.569443359374997,-8.892558593750021
22.688666820526123,0.0100006103515625,0.0,0.650009765624997,-8.831523437500021
22.69365167617798,-0.0034484863281249996,0.0,0.14463867187499702,-10.586284179687521
22.7006618976593,-0.002069091796875,0.0,-0.287490234375003,-10.296367187500021
22.710723400115967,0.0037933349609374995,0.0,0.781845703124997,-10.586284179687521
22.720693349838257,-0.0055175781249999995,0.0,0.324082031249997,-10.815166015625021
22.73170018196106,-0.0072418212890624995,0.0,-0.23255859375000298,-10.555766601562521
22.74186420440674,-0.0031036376953124997,0.0,0.759873046874997,-10.509990234375021
22.76588487625122,0.0017242431640624998,0.0,0.21788085937499702,-10.632060546875021
22.790000200271606,0.0058624267578125,0.0,0.756210937499997,-8.801005859375021
22.798001289367676,-0.009310913085937499,0.0,0.400986328124997,-8.801005859375021
22.803458213806152,-0.0055175781249999995,0.0,-0.009169921875002984,-10.464213867187521
22.81171464920044,0.0,0.0,-0.23622070312500298,-10.540507812500021
22.821019887924194,0.004483032226562499,0.0,0.496201171874997,-10.708354492187521
22.831395626068115,-0.0031036376953124997,0.0,-0.023818359375002984,-10.601542968750021
22.841866970062256,0.013793945312499998,0.0,-0.283828125000003,-10.509990234375021
22.851862907409668,0.0031036376953124997,0.0,0.891708984374997,-10.601542968750021
22.89390468597412,-0.004827880859375,0.0,0.342392578124997,-10.464213867187521
22.931944370269775,0.0024139404296875,-0.20000000000004547,0.814804687499997,-10.662578125000021
22.943945169448853,-0.0037933349609374995,0.0,-0.020156250000002984,-10.555766601562521
22.95200204849243,-0.013449096679687498,0.0,-0.324111328125003,-10.662578125000021
22.962019681930542,0.002069091796875,0.10000000000002274,0.693955078124997,-10.555766601562521
23.000352382659912,-0.0079315185546875,0.0,0.485214843749997,-9.396098632812521
23.033900499343872,0.0079315185546875,0.0,0.521835937499997,-10.601542968750021
23.049927711486816,0.006207275390624999,0.0,0.08970703124999702,-8.877299804687521
23.05485963821411,0.0,0.0,0.060410156249997016,-10.357402343750021
23.06196880340576,0.0034484863281249996,0.0,0.518173828124997,-10.525249023437521
23.071985721588135,-0.006207275390624999,0.0,0.624374999999997,-10.296367187500021
23.109397888183594,0.002069091796875,0.0,0.576767578124997,-8.907817382812521
23.143860340118408,0.011035156249999999,0.0,0.23252929687499702,-10.540507812500021
23.160362482070923,-0.0013793945312499999,0.0,-0.09706054687500298,-8.846782226562521
23.16492009162903,0.0037933349609374995,0.0,-0.15199218750000298,-10.586284179687521
23.173360109329224,0.00413818359375,0.0,0.723251953124997,-10.555766601562521
23.195816040039062,-0.006207275390624999,0.0,-0.10804687500000298,-10.464213867187521
23.21582269668579,-0.0013793945312499999,0.0,0.741562499999997,-10.601542968750021
23.22392177581787,0.0031036376953124997,0.0,0.269150390624997,-10.616801757812521
23.232390880584717,-0.0006896972656249999,0.0,-0.382705078125003,-10.586284179687521
23.24127960205078,-0.0024139404296875,0.0,-0.14100585937500298,-10.525249023437521
23.251930475234985,0.0006896972656249999,0.0,0.521835937499997,-10.540507812500021
23.261879920959473,-0.006896972656249999,0.0,-0.08973632812500298,-10.647319335937521
23.271886348724365,0.0006896972656249999,0.0,0.291123046874997,-10.540507812500021
23.281869649887085,-0.0100006103515625,0.0,0.660996093749997,-10.647319335937521
23.291919231414795,0.007586669921874999,0.0,0.034775390624997016,-10.509990234375021
23.331393003463745,0.00413818359375,0.10000000000002274,0.272812499999997,-10.540507812500021
23.36585521697998,-0.0082763671875,0.0,0.11534179687499702,-10.540507812500021
23.38239073753357,-0.0037933349609374995,0.0,-0.21058593750000298,-10.464213867187521
23.391391277313232,0.013104248046875,0.0,0.877060546874997,-9.808085937500021
23.400890588760376,-0.016207885742187497,-0.20000000000004547,-0.23255859375000298,-10.601542968750021
23.439354419708252,0.0055175781249999995,0.0,0.016464843749997016,-8.678935546875021
23.47338032722473,-0.004827880859375,0.0,0.492539062499997,-10.220073242187521
23.48839020729065,0.0065521240234375,0.0,-0.020156250000002984,-9.197734375000021
23.493911504745483,-0.006896972656249999,0.0,0.08238281249999702,-10.586284179687521
23.5023455619812,0.0034484863281249996,-0.20000000000004547,0.866074218749997,-10.509990234375021
23.541795253753662,0.008966064453124999,0.0,0.617050781249997,-10.464213867187521
23.580344676971436,-0.0037933349609374995,0.0,0.518173828124997,-8.846782226562521
23.588354110717773,0.0055175781249999995,0.0,0.10435546874999702,-9.182475585937521
23.592355966567993,0.0017242431640624998,0.0,-0.23988281250000298,-10.616801757812521
23.602349281311035,-0.00034484863281249997,0.0,-0.005507812500002984,-10.632060546875021
23.61061692237854,-0.00034484863281249997,-0.20000000000004547,0.752548828124997,-10.632060546875021
23.63995122909546,0.008966064453124999,0.0,1.111435546874997,-8.739970703125021
23.66335368156433,0.002069091796875,0.0,-0.09706054687500298,-10.586284179687521
23.673627376556396,0.0017242431640624998,0.0,0.455917968749997,-9.960673828125021
23.680973768234253,-0.0006896972656249999,0.0,0.953964843749997,-10.082744140625021
23.691773414611816,-0.0082763671875,0.0,0.15196289062499702,-10.525249023437521
23.70064878463745,-0.006896972656249999,0.0,0.906357421874997,-10.220073242187521
23.711814403533936,0.0079315185546875,-0.20000000000004547,0.455917968749997,-10.525249023437521
23.720683813095093,0.0058624267578125,0.0,0.15196289062499702,-10.311625976562521
23.746707677841187,0.00413818359375,0.0,0.712265624999997,-10.540507812500021
23.769355297088623,-0.0024139404296875,0.0,-0.23255859375000298,-8.785747070312521
23.780389070510864,-0.0037933349609374995,0.0,0.745224609374997,-8.785747070312521
23.78474259376526,-0.0013793945312499999,0.0,0.606064453124997,-10.601542968750021
23.79139471054077,-0.002069091796875,0.0,0.342392578124997,-10.494731445312521
23.800742387771606,-0.0055175781249999995,0.0,-0.14466796875000298,-10.494731445312521
23.811389684677124,0.010690307617187499,-0.20000000000004547,0.811142578124997,-10.509990234375021
23.821390390396118,0.010690307617187499,0.0,0.389999999999997,-10.387919921875021
23.8307888507843,-0.008966064453124999,0.0,0.031113281249997016,-10.235332031250021
