18.12204670906067,0.013793945312499998,-0.12000000000000455,0.033567881317138705,0.00980377197265625,0,0,0
18.127041578292847,0.020346069335937498,-0.12000000000000455,0.5915425822448731,0.00980377197265625,0,0,0
18.1320378780365,0.0148284912109375,0.03999999999996362,0.33259299728393554,0.00980377197265625,0,0,0
18.136037826538086,0.017242431640625,0.03999999999996362,0.09830527755737309,0.00980377197265625,0,0,0
18.140084743499756,0.016207885742187497,0.03999999999996362,-0.04966591384887692,0.00217437744140625,0,0,0
18.145300149917603,0.018966674804687497,0.03999999999996362,0.1815390727233887,0.00980377197265625,0,0,0
18.151288747787476,0.014483642578124999,0.03999999999996362,0.21236640426635744,-0.00545501708984375,0,0,0
18.16527271270752,0.016897583007812498,0.03999999999996362,0.27710380050659184,-0.01308441162109375,0,0,0
18.185304641723633,0.0193115234375,0.03999999999996362,0.14762900802612308,0.00217437744140625,0,0,0
18.195400714874268,0.016897583007812498,-0.12000000000000455,0.17845633956909185,-0.00545501708984375,0,0,0
18.199394702911377,0.013793945312499998,-0.12000000000000455,0.3603375956726075,0.00980377197265625,0,0,0
18.20339274406433,0.019656372070312497,0.03999999999996362,0.08597434494018558,0.00980377197265625,0,0,0
18.207393646240234,0.018966674804687497,0.03999999999996362,-0.11748604324340817,0.00217437744140625,0,0,0
18.21053910255432,0.0100006103515625,0.03999999999996362,0.6593627116394043,-0.00545501708984375,0,0,0
18.215542554855347,0.018966674804687497,0.03999999999996362,0.29868293258666995,-0.01308441162109375,0,0,0
18.22077703475952,0.015518188476562498,-0.12000000000000455,0.08597434494018558,0.00980377197265625,0,0,0
18.22588348388672,0.016207885742187497,0.01999999999998181,-0.07124504592895503,-0.00545501708984375,0,0,0
18.230878353118896,0.010345458984374998,0.03999999999996362,0.1938700053405762,0.00980377197265625,0,0,0
18.235954523086548,0.015863037109375,0.03999999999996362,0.14762900802612308,0.00980377197265625,0,0,0
18.240966320037842,0.013793945312499998,0.01999999999998181,-0.08974144485473629,0.00980377197265625,0,0,0
18.24596357345581,0.010345458984374998,0.01999999999998181,0.18770453903198245,0.02506256103515625,0,0,0
18.250977754592896,0.012414550781249999,0.01999999999998181,0.3048483988952637,0.00980377197265625,0,0,0
18.254943132400513,0.015518188476562498,0.01999999999998181,0.039733347625732454,-0.02071380615234375,0,0,0
18.27301335334778,0.016207885742187497,-0.13999999999998636,0.002740549774169959,0.00980377197265625,0,0,0
18.289013147354126,0.0175872802734375,0.01999999999998181,0.033567881317138705,0.00980377197265625,0,0,0
18.297996282577515,0.017242431640625,0.01999999999998181,0.18770453903198245,0.00980377197265625,0,0,0
18.301058292388916,0.012414550781249999,0.01999999999998181,0.19695273849487308,0.00980377197265625,0,0,0
18.30522060394287,0.015863037109375,0.01999999999998181,0.03665061447143558,0.00980377197265625,0,0,0
18.311331033706665,0.012414550781249999,0.01999999999998181,0.23702826950073244,0.00980377197265625,0,0,0
18.315332174301147,0.017242431640625,0.01999999999998181,0.29560019943237303,0.00980377197265625,0,0,0
18.320329904556274,0.012414550781249999,0.01999999999998181,0.07364341232299808,0.00980377197265625,0,0,0
18.32533049583435,0.015518188476562498,0.01999999999998181,-0.05583138015747066,0.00980377197265625,0,0,0
18.330323457717896,0.017242431640625,0.01999999999998181,0.1938700053405762,-0.01308441162109375,0,0,0
18.336318731307983,0.014483642578124999,0.01999999999998181,0.09830527755737309,-0.00545501708984375,0,0,0
18.34152340888977,0.012759399414062499,0.0,-0.09282417800903317,0.00217437744140625,0,0,0
18.34658122062683,0.015173339843749998,0.0,0.20003547164916996,0.00217437744140625,0,0,0
18.350712537765503,0.0148284912109375,0.0,0.3048483988952637,-0.00545501708984375,0,0,0
18.35679054260254,0.015173339843749998,0.0,0.03665061447143558,-0.01308441162109375,0,0,0
18.36079454421997,0.017932128906249997,0.0,0.7210173747253419,-0.00545501708984375,0,0,0
18.365791082382202,0.017242431640625,0.0,0.29560019943237303,-0.00545501708984375,0,0,0
18.383851051330566,0.016897583007812498,0.01999999999998181,0.32334479782104497,-0.01308441162109375,0,0,0
18.399835109710693,0.015173339843749998,0.01999999999998181,0.3665030619812012,0.00980377197265625,0,0,0
18.4078471660614,0.015863037109375,0.01999999999998181,-0.11748604324340817,-0.00545501708984375,0,0,0
18.411826133728027,0.015173339843749998,0.01999999999998181,0.21236640426635744,-0.00545501708984375,0,0,0
18.415830850601196,0.015518188476562498,-0.13999999999998636,0.27710380050659184,0.00980377197265625,0,0,0
18.420828819274902,0.007586669921874999,0.0,0.08905707809448246,-0.00545501708984375,0,0,0
18.42585015296936,0.0148284912109375,0.0,-0.05274864700317379,-0.01308441162109375,0,0,0
18.430854082107544,0.0148284912109375,0.0,0.20003547164916996,0.00980377197265625,0,0,0
18.434974908828735,0.0175872802734375,0.0,0.14146354171752934,0.00217437744140625,0,0,0
18.439974069595337,0.015518188476562498,0.0,-0.08974144485473629,-0.00545501708984375,0,0,0
18.445969820022583,0.0148284912109375,0.0,0.1815390727233887,-0.01308441162109375,0,0,0
18.4509859085083,0.015518188476562498,0.0,0.3140965983581543,-0.00545501708984375,0,0,0
18.45698833465576,0.012759399414062499,0.0,0.030485148162841834,-0.02071380615234375,0,0,0
18.462969064712524,0.013793945312499998,0.01999999999998181,0.19078727218627933,-0.00545501708984375,0,0,0
18.468002319335938,0.015173339843749998,0.01999999999998181,0.1568772074890137,0.00980377197265625,0,0,0
18.47304105758667,0.017242431640625,0.01999999999998181,0.00582328292846683,-0.00545501708984375,0,0,0
18.477105379104614,0.020346069335937498,0.01999999999998181,0.37883399459838873,-0.00545501708984375,0,0,0
18.49009656906128,0.016897583007812498,-0.12000000000000455,-0.06816231277465817,-0.02071380615234375,0,0,0
18.51207971572876,0.018966674804687497,0.03999999999996362,0.18770453903198245,0.00980377197265625,0,0,0
18.52114176750183,0.013449096679687498,0.01999999999998181,0.04589881393432621,-0.00545501708984375,0,0,0
18.526256322860718,0.016897583007812498,-0.12000000000000455,0.26477286788940435,0.00980377197265625,0,0,0
18.53140425682068,0.016207885742187497,0.01999999999998181,0.20311820480346682,0.02506256103515625,0,0,0
18.536473035812378,0.017242431640625,0.01999999999998181,0.09830527755737309,0.00980377197265625,0,0,0
18.540473699569702,0.016207885742187497,0.01999999999998181,-0.06816231277465817,0.00980377197265625,0,0,0
18.54555654525757,0.022070312499999998,0.01999999999998181,0.17229087326049808,0.00980377197265625,0,0,0
18.550617694854736,0.0175872802734375,0.0,0.30176566574096686,0.00217437744140625,0,0,0
18.555792570114136,0.018966674804687497,0.0,0.05206428024291995,0.00980377197265625,0,0,0
18.56079411506653,0.013793945312499998,-0.13999999999998636,0.31101386520385743,0.00980377197265625,0,0,0
18.56593132019043,0.0182769775390625,0.01999999999998181,0.29560019943237303,0.00980377197265625,0,0,0
18.5709331035614,0.0175872802734375,0.01999999999998181,0.07672614547729496,0.00980377197265625,0,0,0
18.57693910598755,0.017242431640625,0.01999999999998181,0.3510893962097168,0.00980377197265625,0,0,0
18.582897901535034,0.016897583007812498,0.01999999999998181,0.36342032882690434,-0.00545501708984375,0,0,0
18.597970247268677,0.016207885742187497,0.01999999999998181,0.18770453903198245,0.00980377197265625,0,0,0
18.618947505950928,0.014483642578124999,0.01999999999998181,0.16920814010620122,0.00980377197265625,0,0,0
18.628955602645874,0.016207885742187497,0.01999999999998181,0.17229087326049808,0.00980377197265625,0,0,0
18.632930755615234,0.015518188476562498,0.01999999999998181,0.3171793315124512,0.00980377197265625,0,0,0
18.637967109680176,0.0175872802734375,0.01999999999998181,0.07364341232299808,0.00980377197265625,0,0,0
18.64296841621399,0.0175872802734375,0.01999999999998181,0.17537360641479494,0.02506256103515625,0,0,0
18.6489679813385,0.015518188476562498,-0.13999999999998636,0.22161460372924807,0.00980377197265625,0,0,0
18.653966188430786,0.016207885742187497,0.01999999999998181,0.08905707809448246,-0.00545501708984375,0,0,0
18.659953832626343,0.016207885742187497,0.01999999999998181,0.32334479782104497,0.03269195556640625,0,0,0
18.66393756866455,0.013449096679687498,-0.13999999999998636,0.19695273849487308,-0.00545501708984375,0,0,0
18.667959690093994,0.014483642578124999,-0.12000000000000455,0.2431937358093262,0.00980377197265625,0,0,0
18.671914100646973,0.017242431640625,-0.13999999999998636,0.04898154708862308,0.00980377197265625,0,0,0
18.67690420150757,0.016897583007812498,-0.13999999999998636,0.2740210673522949,0.00980377197265625,0,0,0
18.680901288986206,0.014483642578124999,0.01999999999998181,0.1938700053405762,-0.02071380615234375,0,0,0
18.686902284622192,0.013793945312499998,-0.12000000000000455,0.0952225444030762,-0.02071380615234375,0,0,0
18.69093894958496,0.015518188476562498,0.01999999999998181,-0.0866587117004394,0.00217437744140625,0,0,0
18.695934295654297,0.0148284912109375,0.03999999999996362,0.16920814010620122,0.00980377197265625,0,0,0
18.71189022064209,0.020346069335937498,0.03999999999996362,0.17537360641479494,-0.01308441162109375,0,0,0
18.731877326965332,0.015518188476562498,0.01999999999998181,0.20311820480346682,-0.00545501708984375,0,0,0
18.742870092391968,0.0182769775390625,-0.12000000000000455,0.1568772074890137,-0.00545501708984375,0,0,0
18.746901512145996,0.018966674804687497,0.03999999999996362,0.19695273849487308,-0.02071380615234375,0,0,0
18.75086498260498,0.022070312499999998,0.03999999999996362,0.30176566574096686,0.00217437744140625,0,0,0
18.75586199760437,0.019656372070312497,0.03999999999996362,0.04898154708862308,0.00217437744140625,0,0,0
18.76085925102234,0.0175872802734375,0.03999999999996362,0.35417212936401365,0.00980377197265625,0,0,0
18.76585578918457,0.018966674804687497,0.03999999999996362,0.3202620646667481,0.00980377197265625,0,0,0
18.770888090133667,0.019656372070312497,0.03999999999996362,0.0705606791687012,-0.00545501708984375,0,0,0
18.77584981918335,0.019656372070312497,0.03999999999996362,-0.05583138015747066,0.00980377197265625,0,0,0
18.780847787857056,0.017242431640625,0.03999999999996362,0.1938700053405762,-0.01308441162109375,0,0,0
18.78584599494934,0.015173339843749998,0.05999999999994543,0.15071174118041997,0.00980377197265625,0,0,0
18.7908456325531,0.018966674804687497,0.05999999999994543,-0.07432777908325192,0.00217437744140625,0,0,0
18.79584288597107,0.016897583007812498,0.03999999999996362,0.17229087326049808,0.00980377197265625,0,0,0
18.800833463668823,0.021380615234374997,0.05999999999994543,0.2894347331237793,0.00217437744140625,0,0,0
18.81884241104126,0.017932128906249997,-0.10000000000002274,0.16920814010620122,-0.01308441162109375,0,0,0
18.834854125976562,0.016207885742187497,-0.10000000000002274,0.22161460372924807,-0.01308441162109375,0,0,0
18.842853546142578,0.017242431640625,0.03999999999996362,0.04898154708862308,0.00980377197265625,0,0,0
18.84685778617859,0.015518188476562498,-0.12000000000000455,0.19078727218627933,0.00980377197265625,0,0,0
18.851849794387817,0.0193115234375,-0.12000000000000455,0.20311820480346682,-0.00545501708984375,0,0,0
18.855847597122192,0.017242431640625,-0.12000000000000455,0.04898154708862308,0.00980377197265625,0,0,0
18.860843658447266,0.016207885742187497,-0.10000000000002274,0.23702826950073244,0.00980377197265625,0,0,0
18.865844011306763,0.016897583007812498,0.03999999999996362,0.3202620646667481,-0.00545501708984375,0,0,0
18.87083864212036,0.017932128906249997,0.03999999999996362,0.06439521286010745,0.00980377197265625,0,0,0
18.875839233398438,0.015863037109375,0.03999999999996362,-0.04966591384887692,-0.01308441162109375,0,0,0
18.880828380584717,0.014483642578124999,0.05999999999994543,0.1938700053405762,0.00217437744140625,0,0,0
18.885967254638672,0.016207885742187497,0.03999999999996362,0.15379447433471682,0.00980377197265625,0,0,0
18.89094352722168,0.015518188476562498,0.03999999999996362,-0.0866587117004394,0.00980377197265625,0,0,0
18.895957708358765,0.012759399414062499,-0.12000000000000455,0.17845633956909185,-0.00545501708984375,0,0,0
18.900938272476196,0.013793945312499998,-0.10000000000002274,0.27093833419799807,0.00217437744140625,0,0,0
18.905975103378296,0.015518188476562498,-0.10000000000002274,0.04589881393432621,-0.00545501708984375,0,0,0
18.91096782684326,0.013449096679687498,-0.10000000000002274,0.3048483988952637,0.00980377197265625,0,0,0
18.925968647003174,0.016897583007812498,0.03999999999996362,-0.06507957962036129,-0.02071380615234375,0,0,0
18.945915937423706,0.017242431640625,0.03999999999996362,0.1661254069519043,0.00217437744140625,0,0,0
18.95592737197876,0.017932128906249997,-0.12000000000000455,0.033567881317138705,-0.01308441162109375,0,0,0
18.95993137359619,0.015863037109375,0.01999999999998181,0.37883399459838873,0.00980377197265625,0,0,0
18.96390700340271,0.015863037109375,0.01999999999998181,0.19695273849487308,0.00980377197265625,0,0,0
18.967894315719604,0.017242431640625,-0.12000000000000455,0.24011100265502933,-0.01308441162109375,0,0,0
18.972932815551758,0.013793945312499998,0.03999999999996362,0.033567881317138705,-0.01308441162109375,0,0,0
18.97893190383911,0.0148284912109375,0.03999999999996362,0.17229087326049808,-0.00545501708984375,0,0,0
18.98493194580078,0.0244842529296875,0.03999999999996362,0.21853187057495121,-0.00545501708984375,0,0,0
18.989891529083252,0.022415161132812497,-0.12000000000000455,0.039733347625732454,-0.00545501708984375,0,0,0
18.99488592147827,0.022070312499999998,-0.12000000000000455,0.2092836711120606,0.00217437744140625,0,0,0
18.998908042907715,0.020690917968749997,0.03999999999996362,0.24011100265502933,0.00217437744140625,0,0,0
19.002881288528442,0.020346069335937498,-0.10000000000002274,0.1198844096374512,-0.01308441162109375,0,0,0
19.008873462677002,0.0217254638671875,-0.10000000000002274,-0.0774105122375488,-0.00545501708984375,0,0,0
19.012876510620117,0.021380615234374997,-0.10000000000002274,0.1815390727233887,0.00217437744140625,0,0,0
19.016865015029907,0.020346069335937498,-0.08000000000004093,0.3356757304382324,0.00980377197265625,0,0,0
19.020870685577393,0.018966674804687497,-0.08000000000004093,0.07672614547729496,0.03269195556640625,0,0,0
19.026899099349976,0.017242431640625,-0.08000000000004093,0.39733039352417,0.02506256103515625,0,0,0
19.03992199897766,0.013104248046875,-0.08000000000004093,-0.08357597854614254,0.00980377197265625,0,0,0
19.06092143058777,0.016897583007812498,-0.10000000000002274,0.3572548625183106,-0.00545501708984375,0,0,0
19.070913791656494,0.016897583007812498,0.05999999999994543,0.07672614547729496,-0.00545501708984375,0,0,0
19.07491111755371,0.015518188476562498,0.05999999999994543,-0.11440331008911128,0.00980377197265625,0,0,0
19.07990837097168,0.015863037109375,0.05999999999994543,0.1938700053405762,-0.02071380615234375,0,0,1
19.082900524139404,0.013104248046875,-0.10000000000002274,0.31101386520385743,0.00217437744140625,0,0,1
19.087987184524536,0.017242431640625,0.03999999999996362,0.05514701339721683,0.00217437744140625,0,0,1
19.09296202659607,0.015518188476562498,-0.12000000000000455,0.3665030619812012,-0.00545501708984375,0,0,1
19.096971035003662,0.013104248046875,-0.12000000000000455,0.18770453903198245,0.00980377197265625,0,0,1
19.099971294403076,0.015863037109375,0.03999999999996362,0.2832692668151856,-0.00545501708984375,0,0,1
19.105966567993164,0.015518188476562498,-0.10000000000002274,0.039733347625732454,0.00980377197265625,0,0,1
19.110963821411133,0.015173339843749998,-0.12000000000000455,0.49906058761596683,0.00980377197265625,0,0,1
19.116950035095215,0.013104248046875,0.05999999999994543,0.3295102641296387,-0.00545501708984375,0,0,1
19.120951890945435,0.013449096679687498,0.05999999999994543,0.07980887863159183,0.00980377197265625,0,0,1
19.12594175338745,0.013793945312499998,-0.10000000000002274,0.4404886576843262,-0.00545501708984375,0,0,1
19.129939794540405,0.016207885742187497,0.03999999999996362,0.1938700053405762,-0.01308441162109375,0,0,1
19.148927450180054,0.013104248046875,-0.10000000000002274,0.33875846359252937,0.00980377197265625,0,0,1
19.165916919708252,0.016897583007812498,0.05999999999994543,0.3449239299011231,-0.00545501708984375,0,0,1
19.174949407577515,0.013449096679687498,-0.10000000000002274,-0.11748604324340817,0.00980377197265625,0,0,1
19.178907871246338,0.015518188476562498,0.05999999999994543,0.17537360641479494,-0.01308441162109375,0,0,1
19.182913303375244,0.015518188476562498,-0.10000000000002274,0.35417212936401365,0.00980377197265625,0,0,1
19.187912702560425,0.016207885742187497,-0.10000000000002274,0.06747794601440434,0.00980377197265625,0,0,1
19.191954612731934,0.016207885742187497,-0.10000000000002274,-0.08974144485473629,0.00980377197265625,0,0,1
19.19593071937561,0.015518188476562498,0.03999999999996362,0.17845633956909185,-0.00545501708984375,0,0,1
19.200896739959717,0.015863037109375,0.03999999999996362,0.2801865336608887,0.00980377197265625,0,0,1
19.205928564071655,0.012414550781249999,0.03999999999996362,0.04589881393432621,0.00980377197265625,0,0,1
19.21192955970764,0.012759399414062499,-0.10000000000002274,0.17537360641479494,0.00980377197265625,0,0,1
19.215893268585205,0.016207885742187497,0.03999999999996362,0.3295102641296387,-0.00545501708984375,0,0,1
19.2208993434906,0.018966674804687497,0.03999999999996362,0.05822974655151371,0.00980377197265625,0,0,1
19.225887060165405,0.019656372070312497,-0.12000000000000455,-0.031169514923095665,0.00980377197265625,0,0,1
19.230879545211792,0.013449096679687498,-0.12000000000000455,0.19695273849487308,-0.00545501708984375,0,0,1
19.235880374908447,0.015518188476562498,-0.12000000000000455,0.1322153422546387,-0.00545501708984375,0,0,1
19.240878343582153,0.017242431640625,0.03999999999996362,-0.09590691116333003,0.00980377197265625,0,0,1
19.2468843460083,0.015173339843749998,0.03999999999996362,0.19695273849487308,-0.01308441162109375,0,0,1
19.259867668151855,0.0175872802734375,-0.12000000000000455,0.48364692184448244,0.00217437744140625,0,0,1
19.279858112335205,0.015518188476562498,0.01999999999998181,0.1938700053405762,-0.00545501708984375,0,0,1
19.28984570503235,0.020690917968749997,0.01999999999998181,0.03665061447143558,-0.01308441162109375,0,0,1
19.2938449382782,0.012414550781249999,0.01999999999998181,0.7241001078796387,0.00980377197265625,0,0,1
19.29784917831421,0.012414550781249999,0.01999999999998181,0.1938700053405762,0.00980377197265625,0,0,1
19.30184030532837,0.0175872802734375,-0.13999999999998636,0.17845633956909185,0.02506256103515625,0,0,1
19.306007623672485,0.015173339843749998,-0.13999999999998636,0.027402415008544956,0.00980377197265625,0,0,1
19.31000781059265,0.013449096679687498,0.01999999999998181,0.7549274394226074,0.02506256103515625,0,0,1
19.315004348754883,0.011035156249999999,-0.13999999999998636,0.33259299728393554,0.00980377197265625,0,0,1
19.320194721221924,0.0148284912109375,0.01999999999998181,0.07364341232299808,-0.01308441162109375,0,0,1
19.326191902160645,0.015173339843749998,0.01999999999998181,0.668610911102295,0.00980377197265625,0,0,1
19.331253051757812,0.017932128906249997,0.01999999999998181,0.21236640426635744,0.00980377197265625,0,0,1
19.33636164665222,0.013104248046875,0.0,0.0952225444030762,0.00980377197265625,0,0,1
19.34041476249695,0.013793945312499998,0.0,-0.09590691116333003,0.00980377197265625,0,0,1
19.345420360565186,0.017242431640625,0.0,0.18770453903198245,0.00980377197265625,0,0,1
19.350418090820312,0.011035156249999999,0.0,0.2740210673522949,0.00980377197265625,0,0,1
19.364449501037598,0.019656372070312497,0.0,0.1938700053405762,-0.00545501708984375,0,0,1
19.383590936660767,0.012759399414062499,0.0,0.31101386520385743,-0.00545501708984375,0,0,1
19.392594575881958,0.015863037109375,0.01999999999998181,0.5391361186218262,0.00980377197265625,0,0,1
19.396790027618408,0.012759399414062499,0.03999999999996362,0.1938700053405762,-0.01308441162109375,0,0,1
19.40178656578064,0.012414550781249999,-0.12000000000000455,0.18770453903198245,-0.00545501708984375,0,0,1
19.40588140487671,0.017242431640625,0.03999999999996362,0.03665061447143558,0.00980377197265625,0,0,1
19.410880088806152,0.018966674804687497,0.03999999999996362,0.5175569865417481,0.00980377197265625,0,0,1
19.415876150131226,0.0148284912109375,0.03999999999996362,0.32334479782104497,0.00980377197265625,0,0,1
19.420873165130615,0.0148284912109375,0.03999999999996362,0.0705606791687012,-0.00545501708984375,0,0,1
19.4258713722229,0.013793945312499998,-0.12000000000000455,0.07364341232299808,0.00980377197265625,0,0,1
19.430867910385132,0.015173339843749998,0.03999999999996362,0.19078727218627933,-0.01308441162109375,0,0,1
19.435049295425415,0.017242431640625,0.03999999999996362,0.13838080856323245,0.00980377197265625,0,0,1
19.44005250930786,0.0182769775390625,0.03999999999996362,-0.08974144485473629,-0.01308441162109375,0,0,1
19.445131540298462,0.0148284912109375,0.03999999999996362,0.17229087326049808,0.00980377197265625,0,0,1
19.450135946273804,0.0175872802734375,0.03999999999996362,0.2801865336608887,0.00980377197265625,0,0,1
19.456193685531616,0.013104248046875,0.03999999999996362,0.015071482391357457,-0.01308441162109375,0,0,1
19.47019600868225,0.013104248046875,0.03999999999996362,0.06439521286010745,0.00980377197265625,0,0,1
19.490172147750854,0.0148284912109375,0.03999999999996362,-0.08357597854614254,-0.01308441162109375,0,0,1
19.500167846679688,0.015518188476562498,-0.13999999999998636,0.27710380050659184,0.00980377197265625,0,0,1
19.5041720867157,0.016207885742187497,0.0,0.04898154708862308,0.00980377197265625,0,0,1
19.50824475288391,0.0148284912109375,0.0,-0.07432777908325192,0.02506256103515625,0,0,1
19.512246131896973,0.015518188476562498,0.0,0.1938700053405762,-0.00545501708984375,0,0,1
19.517268896102905,0.015518188476562498,0.0,0.2308628031921387,0.00980377197265625,0,0,1
19.521413564682007,0.015518188476562498,0.0,0.03665061447143558,0.00980377197265625,0,0,1
19.52541494369507,0.016207885742187497,0.0,-0.01267311599731441,-0.01308441162109375,0,0,1
19.530455589294434,0.0148284912109375,0.0,0.18770453903198245,0.00980377197265625,0,0,1
19.53540325164795,0.012759399414062499,0.0,0.1322153422546387,0.00980377197265625,0,0,1
19.540449619293213,0.012414550781249999,0.01999999999998181,-0.09282417800903317,0.00980377197265625,0,0,1
19.545453786849976,0.013793945312499998,0.0,0.18770453903198245,0.00980377197265625,0,0,1
19.55045986175537,0.018966674804687497,0.0,0.2801865336608887,-0.00545501708984375,0,0,1
19.556593418121338,0.012069702148437498,0.0,0.015071482391357457,0.00980377197265625,0,0,1
19.560587406158447,0.014483642578124999,0.0,0.668610911102295,0.00980377197265625,0,0,1
19.565655946731567,0.0148284912109375,0.0,0.33875846359252937,-0.01308441162109375,0,0,1
19.570762395858765,0.008966064453124999,0.0,0.0705606791687012,0.00980377197265625,0,0,1
19.584830284118652,0.015518188476562498,0.0,0.21236640426635744,-0.02071380615234375,0,0,1
19.60383701324463,0.014483642578124999,-0.13999999999998636,0.07980887863159183,0.00217437744140625,0,0,1
19.61381220817566,0.015173339843749998,0.0,0.1938700053405762,0.00980377197265625,0,0,1
19.617809057235718,0.013104248046875,0.0,0.2308628031921387,-0.00545501708984375,0,0,1
19.62181258201599,0.012759399414062499,0.0,0.03665061447143558,0.00217437744140625,0,0,1
19.626827716827393,0.012414550781249999,0.0,0.43740592453002936,-0.00545501708984375,0,0,1
19.63180899620056,0.012414550781249999,0.0,0.21236640426635744,0.00217437744140625,0,0,1
19.63589358329773,0.016207885742187497,0.0,0.13529807540893557,0.00980377197265625,0,0,1
19.64089822769165,0.013793945312499998,0.0,-0.11132057693481442,-0.02071380615234375,0,0,1
19.645899057388306,0.013449096679687498,0.0,0.18770453903198245,-0.01308441162109375,0,0,1
19.650896549224854,0.013793945312499998,0.0,0.2586074015808106,0.00217437744140625,0,0,1
19.655964851379395,0.013793945312499998,0.0,0.04589881393432621,0.00980377197265625,0,0,1
19.660959243774414,0.013793945312499998,0.0,0.4034958598327637,0.00980377197265625,0,0,1
19.664960145950317,0.017242431640625,0.0,0.33875846359252937,0.00217437744140625,0,0,1
19.66995406150818,0.014483642578124999,-0.15999999999996817,0.07364341232299808,0.00980377197265625,0,0,1
19.67595100402832,0.017932128906249997,0.0,-0.028086781768798794,0.00980377197265625,0,0,1
19.68994164466858,0.0175872802734375,0.0,0.03665061447143558,0.00980377197265625,0,0,1
19.70992946624756,0.015518188476562498,0.0,0.69327277633667,0.00980377197265625,0,0,1
19.718989372253418,0.015863037109375,0.01999999999998181,0.10755347702026372,0.00980377197265625,0,0,1
19.722990036010742,0.0193115234375,0.01999999999998181,-0.05274864700317379,0.00217437744140625,0,0,1
19.72700572013855,0.015518188476562498,0.01999999999998181,0.4620677897644043,-0.02071380615234375,0,0,1
19.731167554855347,0.0193115234375,0.01999999999998181,0.21853187057495121,-0.01308441162109375,0,0,1
19.736173391342163,0.015518188476562498,-0.13999999999998636,0.09213981124877933,0.00980377197265625,0,0,1
19.741173028945923,0.015863037109375,-0.13999999999998636,-0.0866587117004394,0.00980377197265625,0,0,1
19.74528741836548,0.0148284912109375,-0.12000000000000455,0.17845633956909185,0.00980377197265625,0,0,1
19.75125741958618,0.016897583007812498,-0.12000000000000455,0.17229087326049808,0.00980377197265625,0,0,1
19.756322860717773,0.016897583007812498,0.01999999999998181,0.024319681854248085,0.02506256103515625,0,0,1
19.76132035255432,0.013793945312499998,0.01999999999998181,0.20003547164916996,-0.00545501708984375,0,0,1
19.766368865966797,0.015863037109375,0.01999999999998181,0.33259299728393554,0.00980377197265625,0,0,1
19.770459413528442,0.017242431640625,-0.12000000000000455,0.05822974655151371,-0.01308441162109375,0,0,1
19.775582790374756,0.012759399414062499,-0.12000000000000455,0.08597434494018558,0.00980377197265625,0,0,1
19.780590057373047,0.015173339843749998,0.01999999999998181,0.1938700053405762,0.00217437744140625,0,0,1
19.78568696975708,0.013449096679687498,0.01999999999998181,0.12604987594604494,0.00980377197265625,0,0,1
19.799683332443237,0.016897583007812498,0.01999999999998181,0.35417212936401365,-0.00545501708984375,0,0,1
19.819718837738037,0.017932128906249997,0.01999999999998181,0.10138801071166996,0.00980377197265625,0,0,1
19.82872700691223,0.017242431640625,0.01999999999998181,0.17229087326049808,-0.02071380615234375,0,0,1
19.832725286483765,0.015863037109375,0.01999999999998181,0.3665030619812012,-0.00545501708984375,0,0,1
19.83671808242798,0.0175872802734375,0.01999999999998181,0.09830527755737309,0.00980377197265625,0,0,1
19.841805458068848,0.0175872802734375,0.01999999999998181,-0.08974144485473629,0.00217437744140625,0,0,1
19.845839262008667,0.015863037109375,0.01999999999998181,0.1938700053405762,0.00980377197265625,0,0,1
19.850834608078003,0.015863037109375,-0.13999999999998636,0.2801865336608887,-0.01308441162109375,0,0,1
19.85583734512329,0.016897583007812498,0.01999999999998181,0.033567881317138705,0.00980377197265625,0,0,1
19.860835790634155,0.015173339843749998,0.01999999999998181,0.4805641886901856,0.00217437744140625,0,0,1
19.865833282470703,0.017242431640625,0.01999999999998181,0.33875846359252937,-0.00545501708984375,0,0,1
19.8708279132843,0.018966674804687497,0.01999999999998181,0.06439521286010745,-0.01308441162109375,0,0,1
19.87582564353943,0.013449096679687498,0.01999999999998181,-0.034252248077392536,-0.00545501708984375,0,0,1
19.88081693649292,0.021380615234374997,0.01999999999998181,0.19078727218627933,0.00980377197265625,0,0,1
19.886815071105957,0.015518188476562498,0.01999999999998181,0.08905707809448246,0.00217437744140625,0,0,1
19.891820192337036,0.015863037109375,0.01999999999998181,-0.08974144485473629,0.00980377197265625,0,0,1
19.896812200546265,0.015863037109375,-0.13999999999998636,0.19078727218627933,0.00980377197265625,0,0,1
19.910805225372314,0.0148284912109375,-0.13999999999998636,0.4620677897644043,0.00980377197265625,0,0,1
19.932822942733765,0.017242431640625,0.01999999999998181,0.3603375956726075,-0.01308441162109375,0,0,1
19.940816402435303,0.016207885742187497,0.01999999999998181,-0.10515511062622065,0.00980377197265625,0,0,1
19.945907592773438,0.0100006103515625,0.0,0.19078727218627933,0.00217437744140625,0,0,1
19.95090627670288,0.0100006103515625,0.0,0.2524419352722168,-0.00545501708984375,0,0,1
19.955946445465088,0.013104248046875,0.0,0.039733347625732454,0.00980377197265625,0,0,1
19.962896585464478,0.015863037109375,0.0,0.20003547164916996,0.00980377197265625,0,0,1
19.9668869972229,0.014483642578124999,0.0,0.3295102641296387,-0.00545501708984375,0,0,1
19.97088384628296,0.016207885742187497,0.0,0.06439521286010745,0.00980377197265625,0,0,1
19.97498321533203,0.017242431640625,0.0,0.1568772074890137,0.00980377197265625,0,0,1
19.979981422424316,0.013793945312499998,-0.15999999999996817,0.19695273849487308,0.00217437744140625,0,0,1
19.986976623535156,0.0148284912109375,0.0,0.10138801071166996,-0.02071380615234375,0,0,1
19.99098300933838,0.016207885742187497,0.0,-0.11748604324340817,-0.00545501708984375,0,0,1
19.99497103691101,0.013793945312499998,0.0,0.19078727218627933,-0.00545501708984375,0,0,0
19.999969005584717,0.015863037109375,0.0,0.24011100265502933,-0.00545501708984375,0,0,0
20.004964590072632,0.017242431640625,0.0,0.04589881393432621,0.00217437744140625,0,0,0
20.019957065582275,0.012414550781249999,0.0,0.10755347702026372,-0.00545501708984375,0,0,0
20.03994345664978,0.017932128906249997,0.0,0.030485148162841834,-0.01308441162109375,0,0,0
20.049941301345825,0.017242431640625,0.01999999999998181,0.32334479782104497,0.00980377197265625,0,0,0
20.053945779800415,0.019656372070312497,0.01999999999998181,0.07980887863159183,0.00980377197265625,0,0,0
20.05900549888611,0.0175872802734375,0.01999999999998181,-0.05583138015747066,-0.00545501708984375,0,0,0
20.06200647354126,0.016207885742187497,0.01999999999998181,0.19078727218627933,-0.00545501708984375,0,0,0
20.066003799438477,0.014483642578124999,-0.13999999999998636,0.33259299728393554,0.00980377197265625,0,0,0
20.070000410079956,0.015173339843749998,-0.13999999999998636,0.05822974655151371,0.03269195556640625,0,0,0
20.074995040893555,0.016897583007812498,-0.13999999999998636,0.0705606791687012,0.00980377197265625,0,0,0
20.080994367599487,0.016897583007812498,0.01999999999998181,0.20003547164916996,0.00980377197265625,0,0,0
20.084988832473755,0.018966674804687497,0.01999999999998181,0.12604987594604494,-0.00545501708984375,0,0,0
20.089989185333252,0.015863037109375,0.01999999999998181,-0.10515511062622065,0.00217437744140625,0,0,0
20.095028162002563,0.016897583007812498,0.01999999999998181,0.17845633956909185,-0.00545501708984375,0,0,0
20.1000235080719,0.013449096679687498,0.01999999999998181,0.2740210673522949,0.00980377197265625,0,0,0
20.106151819229126,0.015173339843749998,0.01999999999998181,0.00582328292846683,0.00980377197265625,0,0,0
20.111242055892944,0.0148284912109375,0.01999999999998181,0.1661254069519043,-0.01308441162109375,0,0,0
20.11635708808899,0.013793945312499998,0.01999999999998181,0.32334479782104497,-0.01308441162109375,0,0,0
20.129333019256592,0.016207885742187497,0.01999999999998181,0.19695273849487308,0.00217437744140625,0,0,0
20.148321866989136,0.015173339843749998,0.01999999999998181,0.27093833419799807,-0.01308441162109375,0,0,0
20.158341646194458,0.017932128906249997,0.03999999999996362,-0.061996846466064404,0.00980377197265625,0,0,0
20.16233539581299,0.0175872802734375,0.01999999999998181,0.1938700053405762,-0.00545501708984375,0,0,0
20.16634440422058,0.015863037109375,0.03999999999996362,0.32334479782104497,0.00980377197265625,0,0,0
20.171385526657104,0.016207885742187497,0.03999999999996362,0.04589881393432621,0.00980377197265625,0,0,0
20.175438404083252,0.014483642578124999,0.01999999999998181,0.0705606791687012,0.00980377197265625,0,0,0
20.180673122406006,0.014483642578124999,0.01999999999998181,0.1938700053405762,-0.00545501708984375,0,0,0
20.1857647895813,0.019656372070312497,0.01999999999998181,0.1322153422546387,0.00980377197265625,0,0,0
20.19083881378174,0.013793945312499998,0.0,-0.1267342427062988,0.00980377197265625,0,0,0
20.195839643478394,0.015518188476562498,0.0,0.18770453903198245,0.00980377197265625,0,0,0
20.200836896896362,0.0148284912109375,0.01999999999998181,0.27093833419799807,-0.01308441162109375,0,0,0
20.20584225654602,0.015173339843749998,0.01999999999998181,0.04589881393432621,0.00980377197265625,0,0,0
20.211833953857422,0.018966674804687497,0.01999999999998181,0.1661254069519043,0.00217437744140625,0,0,0
20.2158305644989,0.018966674804687497,0.01999999999998181,0.3449239299011231,0.00980377197265625,0,0,0
20.220828533172607,0.015518188476562498,0.01999999999998181,0.06439521286010745,0.03269195556640625,0,0,0
20.225839614868164,0.017242431640625,0.01999999999998181,0.10755347702026372,0.00980377197265625,0,0,0
20.230823278427124,0.017932128906249997,-0.12000000000000455,0.1938700053405762,-0.00545501708984375,0,0,0
20.248814582824707,0.014483642578124999,0.01999999999998181,0.2801865336608887,-0.00545501708984375,0,0,0
20.2658052444458,0.019656372070312497,0.01999999999998181,0.33875846359252937,-0.02071380615234375,0,0,0
20.274822473526,0.013793945312499998,0.17999999999994998,-0.11440331008911128,-0.00545501708984375,0,0,0
20.278800010681152,0.010690307617187499,0.01999999999998181,0.17229087326049808,0.00980377197265625,0,0,0
20.282784938812256,0.016207885742187497,0.01999999999998181,0.35417212936401365,0.00217437744140625,0,0,0
20.286803483963013,0.018966674804687497,0.01999999999998181,0.09830527755737309,-0.00545501708984375,0,0,0
20.291805267333984,0.018966674804687497,0.01999999999998181,-0.08974144485473629,-0.00545501708984375,0,0,0
20.295788526535034,0.014483642578124999,0.01999999999998181,0.19078727218627933,0.00980377197265625,0,0,0
20.30077362060547,0.018966674804687497,0.01999999999998181,0.23394553634643558,-0.01308441162109375,0,0,0
20.305801391601562,0.017242431640625,0.01999999999998181,0.039733347625732454,-0.00545501708984375,0,0,0
20.310800552368164,0.015518188476562498,0.03999999999996362,0.5021433207702637,-0.01308441162109375,0,0,0
20.315829515457153,0.015518188476562498,0.03999999999996362,0.3449239299011231,-0.00545501708984375,0,0,0
20.320821523666382,0.013793945312499998,0.03999999999996362,0.05822974655151371,0.00217437744140625,0,0,0
20.32582426071167,0.019656372070312497,0.03999999999996362,0.11063621017456057,0.00217437744140625,0,0,0
20.330806255340576,0.015518188476562498,0.01999999999998181,0.1938700053405762,0.00980377197265625,0,0,0
20.336804151535034,0.014483642578124999,0.01999999999998181,0.08905707809448246,-0.01308441162109375,0,0,0
20.349799633026123,0.019656372070312497,-0.12000000000000455,0.33875846359252937,-0.00545501708984375,0,0,0
20.370787143707275,0.015518188476562498,-0.12000000000000455,0.06747794601440434,-0.01308441162109375,0,0,0
20.37978172302246,0.020346069335937498,0.01999999999998181,0.20311820480346682,-0.00545501708984375,0,0,0
20.383774042129517,0.017242431640625,0.01999999999998181,0.30176566574096686,-0.01308441162109375,0,0,0
20.387819290161133,0.016897583007812498,0.01999999999998181,0.05514701339721683,-0.01308441162109375,0,0,0
20.39181923866272,0.017242431640625,0.01999999999998181,-0.0866587117004394,0.00980377197265625,0,0,0
20.395812034606934,0.015518188476562498,0.01999999999998181,0.1815390727233887,-0.00545501708984375,0,0,0
20.400803804397583,0.016897583007812498,-0.13999999999998636,0.27093833419799807,0.00980377197265625,0,0,0
20.405808210372925,0.016897583007812498,-0.13999999999998636,0.05206428024291995,-0.01308441162109375,0,0,0
20.410804748535156,0.017242431640625,-0.13999999999998636,0.27710380050659184,0.00980377197265625,0,0,0
20.41580104827881,0.019656372070312497,0.01999999999998181,0.3356757304382324,-0.00545501708984375,0,0,0
20.420793771743774,0.022415161132812497,0.01999999999998181,0.06747794601440434,-0.00545501708984375,0,0,0
20.4258029460907,0.0244842529296875,-0.12000000000000455,0.10755347702026372,0.00980377197265625,0,0,0
20.430785417556763,0.020690917968749997,-0.10000000000002274,0.1938700053405762,-0.00545501708984375,0,0,0
20.435802221298218,0.0244842529296875,-0.10000000000002274,0.1198844096374512,0.00980377197265625,0,0,0
20.44080400466919,0.022415161132812497,-0.08000000000004093,-0.11132057693481442,-0.01308441162109375,0,0,0
20.445802927017212,0.019656372070312497,-0.08000000000004093,0.1815390727233887,0.00980377197265625,0,0,0
20.45979928970337,0.0244842529296875,-0.08000000000004093,0.33875846359252937,-0.00545501708984375,0,0,0
20.479762315750122,0.015863037109375,-0.05999999999994543,0.20003547164916996,0.00980377197265625,0,0,0
20.489755868911743,0.017932128906249997,0.08000000000004093,0.024319681854248085,-0.00545501708984375,0,0,0
20.493753910064697,0.019656372070312497,-0.05999999999994543,0.36342032882690434,-0.01308441162109375,0,0,0
20.497750997543335,0.020346069335937498,-0.05999999999994543,0.19695273849487308,-0.02071380615234375,0,0,0
20.5017511844635,0.018966674804687497,-0.05999999999994543,0.1661254069519043,-0.00545501708984375,0,0,0
20.50580668449402,0.021380615234374997,-0.05999999999994543,0.04589881393432621,0.00980377197265625,0,0,0
20.510847330093384,0.020346069335937498,-0.05999999999994543,0.24935920211791995,-0.01308441162109375,0,0,0
20.515921354293823,0.0175872802734375,-0.05999999999994543,0.3449239299011231,-0.02071380615234375,0,0,0
20.52091693878174,0.017242431640625,-0.03999999999996362,0.05822974655151371,-0.00545501708984375,0,0,0
20.525915384292603,0.013793945312499998,-0.03999999999996362,0.16920814010620122,-0.01308441162109375,0,0,0
20.530911922454834,0.0148284912109375,-0.05999999999994543,0.1938700053405762,0.00980377197265625,0,0,0
20.535907745361328,0.016207885742187497,0.10000000000002274,0.12913260910034183,0.00980377197265625,0,0,0
20.53990602493286,0.016207885742187497,0.10000000000002274,-0.11748604324340817,0.00980377197265625,0,0,0
20.54490351676941,0.013104248046875,-0.05999999999994543,0.19078727218627933,-0.00545501708984375,0,0,0
20.550899028778076,0.015518188476562498,0.10000000000002274,0.25552466842651367,-0.00545501708984375,0,0,0
20.564889907836914,0.016207885742187497,0.10000000000002274,0.20311820480346682,0.00217437744140625,0,0,0
20.584877490997314,0.014483642578124999,0.08000000000004093,0.19078727218627933,0.00980377197265625,0,0,0
20.594871044158936,0.013449096679687498,0.05999999999994543,0.21236640426635744,0.00980377197265625,0,0,0
20.59896731376648,0.0148284912109375,0.03999999999996362,0.31101386520385743,0.00980377197265625,0,0,0
20.602962493896484,0.013449096679687498,0.03999999999996362,0.07672614547729496,0.00980377197265625,0,0,0
20.60696291923523,0.015863037109375,-0.10000000000002274,-0.1267342427062988,0.00980377197265625,0,0,0
20.611958980560303,0.014483642578124999,0.05999999999994543,0.17537360641479494,0.00217437744140625,0,0,0
20.61595845222473,0.017932128906249997,0.05999999999994543,0.3418411967468262,0.00980377197265625,0,0,0
20.620954275131226,0.015518188476562498,0.05999999999994543,0.05822974655151371,0.00980377197265625,0,0,0
20.62595009803772,0.013104248046875,-0.10000000000002274,0.1599599406433106,0.00980377197265625,0,0,0
20.629957675933838,0.020001220703125,0.03999999999996362,0.1938700053405762,-0.00545501708984375,0,0,0
20.635140657424927,0.013793945312499998,0.03999999999996362,0.11680167648315433,-0.00545501708984375,0,0,0
20.641133069992065,0.012759399414062499,0.03999999999996362,-0.0774105122375488,0.00980377197265625,0,0,0
20.645297050476074,0.012069702148437498,-0.10000000000002274,0.19078727218627933,0.00980377197265625,0,0,0
20.650306701660156,0.012069702148437498,-0.10000000000002274,0.25552466842651367,0.00980377197265625,0,0,0
20.656492710113525,0.020001220703125,0.03999999999996362,0.002740549774169959,0.00980377197265625,0,0,0
20.66056799888611,0.0182769775390625,0.03999999999996362,0.668610911102295,-0.00545501708984375,0,0,0
20.665582180023193,0.017242431640625,0.03999999999996362,0.3449239299011231,0.00980377197265625,0,0,0
20.679566144943237,0.013104248046875,0.05999999999994543,0.19695273849487308,-0.00545501708984375,0,0,0
20.699553728103638,0.0175872802734375,0.05999999999994543,0.3510893962097168,-0.00545501708984375,0,0,0
20.70954203605652,0.020346069335937498,-0.08000000000004093,0.4928951213073731,-0.00545501708984375,0,0,0
20.713607788085938,0.020001220703125,0.08000000000004093,0.18770453903198245,-0.00545501708984375,0,0,0
20.717713594436646,0.020001220703125,0.08000000000004093,0.22161460372924807,-0.00545501708984375,0,0,0
20.721813440322876,0.016207885742187497,-0.08000000000004093,0.039733347625732454,0.00980377197265625,0,0,0
20.725833654403687,0.0148284912109375,-0.05999999999994543,0.1815390727233887,-0.00545501708984375,0,0,0
20.73084020614624,0.015518188476562498,0.08000000000004093,0.1938700053405762,0.00980377197265625,0,0,0
20.735830307006836,0.017932128906249997,0.08000000000004093,0.1198844096374512,0.00980377197265625,0,0,0
20.74082922935486,0.015863037109375,-0.08000000000004093,-0.11440331008911128,-0.01308441162109375,0,0,0
20.74584698677063,0.0193115234375,0.08000000000004093,0.19078727218627933,-0.00545501708984375,0,0,0
20.750818490982056,0.015173339843749998,-0.05999999999994543,0.24935920211791995,-0.01308441162109375,0,0,0
20.755815267562866,0.0175872802734375,-0.08000000000004093,0.039733347625732454,-0.01308441162109375,0,0,0
20.760817766189575,0.0175872802734375,0.08000000000004093,0.29868293258666995,0.00217437744140625,0,0,0
20.765815258026123,0.0175872802734375,0.08000000000004093,0.3510893962097168,0.00217437744140625,0,0,0
20.770817756652832,0.015173339843749998,0.08000000000004093,0.05822974655151371,-0.00545501708984375,0,0,0
20.77592396736145,0.012759399414062499,-0.08000000000004093,0.2894347331237793,0.00980377197265625,0,0,1
20.794909477233887,0.020346069335937498,0.08000000000004093,0.2092836711120606,-0.01308441162109375,0,0,1
20.811866760253906,0.018966674804687497,0.05999999999994543,0.17845633956909185,-0.00545501708984375,0,0,1
20.819892168045044,0.0148284912109375,-0.10000000000002274,0.06439521286010745,0.00980377197265625,0,0,1
20.824889421463013,0.0193115234375,-0.08000000000004093,-0.10515511062622065,0.00980377197265625,0,0,1
20.8278911113739,0.017932128906249997,0.08000000000004093,0.33259299728393554,-0.00545501708984375,0,0,1
20.83188819885254,0.017242431640625,-0.08000000000004093,0.22778007003784181,-0.00545501708984375,0,0,1
20.83790349960327,0.0175872802734375,-0.08000000000004093,0.04589881393432621,0.00980377197265625,0,0,1
20.841863870620728,0.014483642578124999,0.08000000000004093,-0.0774105122375488,0.00217437744140625,0,0,1
20.84588885307312,0.016897583007812498,-0.05999999999994543,0.17845633956909185,0.02506256103515625,0,0,1
20.85085654258728,0.006896972656249999,0.08000000000004093,0.27093833419799807,-0.00545501708984375,0,0,1
20.85588788986206,0.017932128906249997,0.08000000000004093,0.039733347625732454,-0.00545501708984375,0,0,1
20.86085033416748,0.016207885742187497,0.08000000000004093,0.43740592453002936,0.00980377197265625,0,0,1
20.86584758758545,0.020001220703125,0.05999999999994543,0.35417212936401365,0.00980377197265625,0,0,1
20.87085223197937,0.017242431640625,0.01999999999998181,0.06747794601440434,-0.00545501708984375,0,0,1
20.87586283683777,0.015863037109375,0.01999999999998181,0.27093833419799807,-0.01308441162109375,0,0,1
20.880845546722412,0.0148284912109375,-0.13999999999998636,0.19695273849487308,0.00980377197265625,0,0,1
20.89583468437195,0.018966674804687497,0.03999999999996362,0.19078727218627933,-0.01308441162109375,0,0,1
20.918814420700073,0.017932128906249997,0.03999999999996362,0.14146354171752934,0.00980377197265625,0,0,1
20.926815509796143,0.017242431640625,0.03999999999996362,0.48364692184448244,-0.00545501708984375,0,0,1
20.930813789367676,0.016897583007812498,0.08000000000004093,0.20003547164916996,0.00980377197265625,0,0,1
20.935824632644653,0.0175872802734375,0.05999999999994543,0.11680167648315433,0.00980377197265625,0,0,1
20.940807342529297,0.017932128906249997,-0.10000000000002274,-0.11748604324340817,0.00980377197265625,0,0,1
20.945804119110107,0.019656372070312497,-0.10000000000002274,0.19078727218627933,0.00980377197265625,0,0,1
20.951802015304565,0.016897583007812498,0.05999999999994543,0.15379447433471682,-0.00545501708984375,0,0,1
20.955819368362427,0.016897583007812498,0.05999999999994543,0.03665061447143558,0.00980377197265625,0,0,1
20.96182608604431,0.021380615234374997,-0.10000000000002274,0.17229087326049808,-0.00545501708984375,0,0,1
20.965943098068237,0.017932128906249997,0.03999999999996362,0.36342032882690434,0.00980377197265625,0,0,1
20.97093915939331,0.015518188476562498,-0.10000000000002274,0.05514701339721683,0.00980377197265625,0,0,1
20.97589683532715,0.016207885742187497,-0.10000000000002274,0.1661254069519043,0.00980377197265625,0,0,1
20.981893301010132,0.016207885742187497,-0.10000000000002274,0.25552466842651367,0.00980377197265625,0,0,1
20.98595404624939,0.0148284912109375,-0.10000000000002274,0.11680167648315433,0.00980377197265625,0,0,1
20.989952564239502,0.014483642578124999,0.05999999999994543,-0.1267342427062988,-0.02071380615234375,0,0,1
21.009956121444702,0.014483642578124999,-0.10000000000002274,0.3726685282897949,0.00217437744140625,0,0,1
21.02706742286682,0.015863037109375,0.05999999999994543,0.21544913742065433,-0.02071380615234375,0,0,1
21.035134315490723,0.015173339843749998,-0.08000000000004093,0.12913260910034183,0.00980377197265625,0,0,1
21.03914165496826,0.016897583007812498,-0.08000000000004093,0.018154215545654336,0.00980377197265625,0,0,1
21.043224334716797,0.020001220703125,0.08000000000004093,0.3572548625183106,-0.01308441162109375,0,0,1
21.047285556793213,0.017242431640625,-0.08000000000004093,0.20003547164916996,-0.00545501708984375,0,0,1
21.05228090286255,0.0175872802734375,-0.08000000000004093,0.11063621017456057,-0.02071380615234375,0,0,1
21.05634641647339,0.0193115234375,-0.08000000000004093,-0.02500404861450191,0.00217437744140625,0,0,1
21.060425281524658,0.019656372070312497,0.05999999999994543,0.24935920211791995,-0.00545501708984375,0,0,1
21.06558060646057,0.0193115234375,0.05999999999994543,0.3603375956726075,0.00980377197265625,0,0,1
21.070622444152832,0.020690917968749997,0.05999999999994543,0.06747794601440434,-0.02071380615234375,0,0,1
21.07558536529541,0.019656372070312497,-0.08000000000004093,0.1599599406433106,-0.01308441162109375,0,0,1
21.08064889907837,0.0182769775390625,0.05999999999994543,0.19695273849487308,0.00980377197265625,0,0,1
21.086660146713257,0.0175872802734375,-0.08000000000004093,0.09213981124877933,-0.01308441162109375,0,0,1
21.090744733810425,0.016207885742187497,-0.08000000000004093,-0.1267342427062988,-0.02071380615234375,0,0,1
21.09575319290161,0.013793945312499998,-0.08000000000004093,0.17845633956909185,-0.01308441162109375,0,0,1
21.100759267807007,0.018966674804687497,-0.08000000000004093,0.24935920211791995,0.00980377197265625,0,0,1
21.10674548149109,0.018966674804687497,0.05999999999994543,-0.00959038284301754,0.00980377197265625,0,0,1
21.119739294052124,0.016207885742187497,0.05999999999994543,0.0952225444030762,-0.01308441162109375,0,0,1
21.140820741653442,0.015863037109375,-0.08000000000004093,-0.11132057693481442,0.00980377197265625,0,0,1
21.15081787109375,0.012069702148437498,-0.08000000000004093,0.26169013473510744,-0.00545501708984375,0,0,1
21.154815673828125,0.015518188476562498,-0.05999999999994543,0.039733347625732454,0.00980377197265625,0,0,1
21.158812999725342,0.014483642578124999,0.08000000000004093,-0.028086781768798794,0.00980377197265625,0,0,1
21.1628098487854,0.017242431640625,0.08000000000004093,0.1938700053405762,-0.00545501708984375,0,0,1
21.167813539505005,0.016897583007812498,-0.08000000000004093,0.22161460372924807,0.00980377197265625,0,0,1
21.171812057495117,0.016207885742187497,-0.08000000000004093,0.04589881393432621,-0.00545501708984375,0,0,1
21.175811052322388,0.0148284912109375,-0.05999999999994543,0.3202620646667481,0.00980377197265625,0,0,1
21.18082618713379,0.016207885742187497,0.08000000000004093,0.20003547164916996,0.02506256103515625,0,0,1
21.185829639434814,0.017932128906249997,0.08000000000004093,0.12913260910034183,0.00217437744140625,0,0,1
21.19080138206482,0.017932128906249997,0.08000000000004093,-0.11748604324340817,-0.00545501708984375,0,0,1
21.19579815864563,0.0193115234375,-0.08000000000004093,0.1815390727233887,-0.00545501708984375,0,0,1
21.201818227767944,0.015863037109375,0.08000000000004093,0.15379447433471682,-0.00545501708984375,0,0,1
21.205790281295776,0.013449096679687498,-0.08000000000004093,0.04898154708862308,-0.02071380615234375,0,0,1
21.21180486679077,0.015863037109375,-0.08000000000004093,0.17845633956909185,-0.00545501708984375,0,0,1
21.225794553756714,0.017242431640625,-0.08000000000004093,0.11371894332885746,-0.01308441162109375,0,0,1
21.248772621154785,0.017932128906249997,-0.08000000000004093,0.29560019943237303,0.00980377197265625,0,0,1
21.25875759124756,0.017932128906249997,-0.08000000000004093,-0.06816231277465817,0.00980377197265625,0,0,1
21.26279330253601,0.016897583007812498,-0.05999999999994543,0.19695273849487308,-0.00545501708984375,0,0,1
21.266790866851807,0.016207885742187497,0.08000000000004093,0.3171793315124512,-0.00545501708984375,0,0,1
21.270796060562134,0.014483642578124999,0.08000000000004093,0.06439521286010745,0.00980377197265625,0,0,1
21.27579426765442,0.016207885742187497,0.08000000000004093,0.2832692668151856,-0.02071380615234375,0,0,1
21.280792713165283,0.016207885742187497,-0.08000000000004093,0.1938700053405762,0.00980377197265625,0,0,1
21.28579592704773,0.019656372070312497,0.08000000000004093,0.11371894332885746,-0.00545501708984375,0,0,1
21.290777683258057,0.011035156249999999,0.08000000000004093,-0.11132057693481442,0.00980377197265625,0,0,1
21.29579520225525,0.016897583007812498,0.08000000000004093,0.18770453903198245,0.00980377197265625,0,0,1
21.300776958465576,0.015518188476562498,0.08000000000004093,0.24935920211791995,0.00980377197265625,0,0,1
21.30578303337097,0.013449096679687498,0.08000000000004093,0.039733347625732454,0.00980377197265625,0,0,1
21.310771703720093,0.016207885742187497,0.08000000000004093,0.32334479782104497,0.00980377197265625,0,0,1
21.315770387649536,0.012414550781249999,-0.08000000000004093,0.3510893962097168,0.00980377197265625,0,0,1
21.320802211761475,0.0148284912109375,0.08000000000004093,0.05206428024291995,0.00980377197265625,0,0,1
21.33879041671753,0.016207885742187497,0.05999999999994543,0.033567881317138705,-0.01308441162109375,0,0,1
21.35578751564026,0.015863037109375,-0.10000000000002274,0.04589881393432621,0.00980377197265625,0,0,1
21.363781690597534,0.0175872802734375,0.08000000000004093,0.19078727218627933,-0.01308441162109375,0,0,1
21.36777949333191,0.0079315185546875,0.08000000000004093,0.2308628031921387,0.00980377197265625,0,0,1
21.372777223587036,0.015863037109375,-0.10000000000002274,0.05206428024291995,-0.00545501708984375,0,0,0
21.376792430877686,0.015173339843749998,-0.10000000000002274,0.7950029704284668,-0.00545501708984375,0,0,0
21.380765676498413,0.013104248046875,0.03999999999996362,0.19695273849487308,0.00980377197265625,0,0,0
21.385810375213623,0.010345458984374998,0.03999999999996362,0.1322153422546387,-0.00545501708984375,0,0,0
21.390815019607544,0.012414550781249999,-0.10000000000002274,-0.1267342427062988,0.00980377197265625,0,0,0
21.39580535888672,0.0148284912109375,-0.10000000000002274,0.19078727218627933,0.00980377197265625,0,0,0
21.400802850723267,0.012414550781249999,0.03999999999996362,0.2431937358093262,0.00980377197265625,0,0,0
21.405895233154297,0.013449096679687498,0.01999999999998181,0.039733347625732454,0.02506256103515625,0,0,0
21.4108989238739,0.017932128906249997,0.01999999999998181,0.520639719696045,-0.01308441162109375,0,0,0
21.415903568267822,0.017932128906249997,0.01999999999998181,0.3449239299011231,-0.00545501708984375,0,0,0
21.420904636383057,0.015863037109375,0.01999999999998181,0.05822974655151371,0.00980377197265625,0,0,0
21.425925970077515,0.013449096679687498,0.01999999999998181,0.6007907817077637,0.00980377197265625,0,0,0
21.445881843566895,0.016207885742187497,-0.12000000000000455,0.19078727218627933,0.00980377197265625,0,0,0
21.463913679122925,0.013449096679687498,-0.12000000000000455,0.19695273849487308,0.00980377197265625,0,0,0
21.472907304763794,0.0175872802734375,-0.10000000000002274,0.04589881393432621,-0.00545501708984375,0,0,0
21.475906372070312,0.020346069335937498,0.05999999999994543,0.6377835795593262,0.00980377197265625,0,0,0
21.48091769218445,0.018966674804687497,0.05999999999994543,0.2092836711120606,0.00980377197265625,0,0,0
21.486898183822632,0.020001220703125,0.05999999999994543,0.08905707809448246,0.00217437744140625,0,0,0
21.490896463394165,0.016207885742187497,0.05999999999994543,-0.13289970901489254,0.00980377197265625,0,0,0
21.495080709457397,0.0175872802734375,-0.08000000000004093,0.1938700053405762,-0.00545501708984375,0,0,0
21.501118898391724,0.0113800048828125,-0.08000000000004093,0.1568772074890137,-0.01308441162109375,0,0,0
21.505216598510742,0.014483642578124999,0.08000000000004093,0.039733347625732454,0.00980377197265625,0,0,0
21.511214017868042,0.012414550781249999,-0.08000000000004093,0.17229087326049808,0.00980377197265625,0,0,0
21.515353679656982,0.0193115234375,0.03999999999996362,0.35417212936401365,0.02506256103515625,0,0,0
21.520412921905518,0.018966674804687497,0.03999999999996362,0.05514701339721683,0.00980377197265625,0,0,0
21.525511503219604,0.016207885742187497,-0.10000000000002274,0.4466541239929199,0.00980377197265625,0,0,0
21.53059959411621,0.015173339843749998,-0.10000000000002274,0.20003547164916996,-0.02071380615234375,0,0,0
21.535829544067383,0.013104248046875,-0.10000000000002274,0.11371894332885746,-0.00545501708984375,0,0,0
21.550830841064453,0.0148284912109375,0.05999999999994543,0.24935920211791995,0.00217437744140625,0,0,0
21.5728178024292,0.0148284912109375,0.05999999999994543,0.03665061447143558,0.00980377197265625,0,0,0
21.582797288894653,0.014483642578124999,0.03999999999996362,0.35417212936401365,0.00980377197265625,0,0,0
21.586795568466187,0.017242431640625,0.03999999999996362,0.08905707809448246,-0.00545501708984375,0,0,0
21.590785264968872,0.0148284912109375,0.03999999999996362,-0.12365150955200191,0.00980377197265625,0,0,0
21.595792055130005,0.016897583007812498,-0.12000000000000455,0.19078727218627933,0.00217437744140625,0,0,0
21.600789546966553,0.018966674804687497,-0.10000000000002274,0.23702826950073244,0.00980377197265625,0,0,0
21.607778310775757,0.0182769775390625,-0.10000000000002274,-0.11440331008911128,-0.00545501708984375,0,0,0
21.61177897453308,0.015518188476562498,-0.10000000000002274,0.19695273849487308,-0.01308441162109375,0,0,0
21.617801189422607,0.016897583007812498,-0.10000000000002274,0.21853187057495121,0.00980377197265625,0,0,0
21.62179660797119,0.013449096679687498,-0.10000000000002274,0.04898154708862308,-0.00545501708984375,0,0,0
21.625795364379883,0.017242431640625,-0.10000000000002274,0.6501145121765137,-0.00545501708984375,0,0,0
21.63079333305359,0.0148284912109375,-0.10000000000002274,0.1938700053405762,-0.00545501708984375,0,0,0
21.63590145111084,0.0175872802734375,-0.10000000000002274,0.11063621017456057,-0.00545501708984375,0,0,0
21.64091396331787,0.018966674804687497,-0.10000000000002274,-0.11748604324340817,0.00217437744140625,0,0,0
21.645114183425903,0.015518188476562498,-0.10000000000002274,0.1938700053405762,0.00217437744140625,0,0,0
21.661197662353516,0.015173339843749998,0.05999999999994543,0.1938700053405762,0.00980377197265625,0,0,0
21.684190034866333,0.0175872802734375,-0.10000000000002274,0.18770453903198245,-0.00545501708984375,0,0,0
21.692267417907715,0.016897583007812498,-0.10000000000002274,0.5853771159362794,-0.00545501708984375,0,0,0
21.696330308914185,0.015863037109375,-0.10000000000002274,0.1938700053405762,-0.00545501708984375,0,0,0
21.70232915878296,0.0175872802734375,-0.10000000000002274,0.11063621017456057,0.00980377197265625,0,0,0
21.70632290840149,0.017932128906249997,0.05999999999994543,-0.006507649688720668,-0.00545501708984375,0,0,0
21.711323738098145,0.013793945312499998,-0.10000000000002274,0.17537360641479494,-0.01308441162109375,0,0,0
21.71640634536743,0.016207885742187497,0.05999999999994543,0.3048483988952637,0.00217437744140625,0,0,0
21.7204806804657,0.015863037109375,0.03999999999996362,0.05514701339721683,-0.01308441162109375,0,0,0
21.725669622421265,0.017932128906249997,0.03999999999996362,0.39116492721557616,0.00980377197265625,0,0,0
21.732823610305786,0.013104248046875,0.03999999999996362,0.3449239299011231,0.00980377197265625,0,0,0
21.736823081970215,0.018966674804687497,0.03999999999996362,0.08905707809448246,0.00980377197265625,0,0,0
21.74082326889038,0.015863037109375,0.03999999999996362,-0.11748604324340817,-0.00545501708984375,0,0,0
21.745935201644897,0.0175872802734375,-0.10000000000002274,0.19078727218627933,-0.02071380615234375,0,0,0
21.750889539718628,0.021380615234374997,0.05999999999994543,0.15379447433471682,-0.00545501708984375,0,0,0
21.755887269973755,0.020346069335937498,-0.10000000000002274,0.033567881317138705,0.00980377197265625,0,0,0
21.769885778427124,0.0148284912109375,-0.10000000000002274,0.09213981124877933,0.00980377197265625,0,0,0
21.790940761566162,0.013793945312499998,0.05999999999994543,-0.1267342427062988,0.02506256103515625,0,0,0
21.801896810531616,0.016207885742187497,0.08000000000004093,0.15071174118041997,0.00980377197265625,0,0,0
21.805898427963257,0.013449096679687498,-0.08000000000004093,0.030485148162841834,-0.00545501708984375,0,0,0
21.81087899208069,0.016207885742187497,-0.10000000000002274,0.33259299728393554,0.00980377197265625,0,0,0
21.81589913368225,0.011035156249999999,-0.10000000000002274,0.3572548625183106,-0.01308441162109375,0,0,0
21.82189917564392,0.0086212158203125,0.05999999999994543,0.04898154708862308,0.00980377197265625,0,0,0
21.82586693763733,0.016207885742187497,-0.10000000000002274,0.26169013473510744,0.00980377197265625,0,0,0
21.830856800079346,0.016207885742187497,0.03999999999996362,0.19695273849487308,-0.00545501708984375,0,0,0
21.836868047714233,0.0055175781249999995,0.01999999999998181,0.09213981124877933,0.00980377197265625,0,0,0
21.840858697891235,0.0100006103515625,0.01999999999998181,-0.1267342427062988,-0.00545501708984375,0,0,0
21.845855236053467,0.013793945312499998,0.01999999999998181,0.1815390727233887,-0.01308441162109375,0,0,0
21.850844621658325,0.014483642578124999,0.01999999999998181,0.23702826950073244,0.00980377197265625,0,0,0
21.855841159820557,0.013449096679687498,0.0,0.039733347625732454,-0.00545501708984375,0,0,0
21.860838651657104,0.011035156249999999,0.0,0.23702826950073244,0.00217437744140625,0,0,0
21.864935636520386,0.013104248046875,0.0,0.3603375956726075,0.00980377197265625,0,0,0
21.871932983398438,0.013104248046875,-0.15999999999996817,0.04898154708862308,-0.00545501708984375,0,0,0
21.886924505233765,0.0193115234375,0.0,0.08597434494018558,0.00980377197265625,0,0,0
21.908049821853638,0.017242431640625,0.0,-0.021921315460205038,0.00217437744140625,0,0,0
21.91805624961853,0.019656372070312497,0.0,0.1322153422546387,-0.01308441162109375,0,0,0
21.922051429748535,0.019656372070312497,0.0,0.033567881317138705,0.00980377197265625,0,0,0
21.926048755645752,0.017242431640625,0.03999999999996362,0.5483843180847168,0.02506256103515625,0,0,0
21.930127382278442,0.0148284912109375,0.03999999999996362,0.20003547164916996,0.00980377197265625,0,0,0
21.935134410858154,0.013793945312499998,-0.10000000000002274,0.11680167648315433,0.00980377197265625,0,0,0
21.94023609161377,0.020346069335937498,-0.10000000000002274,-0.11748604324340817,0.00980377197265625,0,0,0
21.946325540542603,0.013449096679687498,-0.12000000000000455,0.20003547164916996,0.00980377197265625,0,0,0
21.95132565498352,0.013793945312499998,0.03999999999996362,0.15379447433471682,0.00980377197265625,0,0,0
21.95632553100586,0.018966674804687497,-0.12000000000000455,-0.04350044754028316,0.00980377197265625,0,0,0
21.961445569992065,0.015863037109375,0.03999999999996362,0.17845633956909185,0.00217437744140625,0,0,0
21.965503454208374,0.0175872802734375,0.03999999999996362,0.35417212936401365,0.00980377197265625,0,0,0
21.970582008361816,0.013104248046875,0.03999999999996362,0.04898154708862308,-0.00545501708984375,0,0,0
21.975590229034424,0.010345458984374998,0.03999999999996362,0.5453015849304199,-0.01308441162109375,0,0,0
21.99058723449707,0.016207885742187497,0.05999999999994543,-0.12365150955200191,0.00980377197265625,0,0,0
22.011664152145386,0.014483642578124999,0.03999999999996362,0.17845633956909185,-0.00545501708984375,0,0,0
22.02278447151184,0.018966674804687497,-0.10000000000002274,0.030485148162841834,0.00980377197265625,0,0,0
22.0277841091156,0.017932128906249997,0.03999999999996362,0.3048483988952637,0.00980377197265625,0,0,0
22.032822370529175,0.018966674804687497,0.03999999999996362,0.3510893962097168,0.00980377197265625,0,0,0
22.038817644119263,0.015863037109375,-0.12000000000000455,0.039733347625732454,-0.01308441162109375,0,0,0
22.04380989074707,0.015518188476562498,-0.12000000000000455,0.6809418437194825,0.00980377197265625,0,0,0
22.047806978225708,0.013449096679687498,-0.10000000000002274,0.20311820480346682,0.00980377197265625,0,0,0
22.052808046340942,0.020001220703125,0.03999999999996362,0.10138801071166996,0.00980377197265625,0,0,0
22.056811809539795,0.0148284912109375,-0.12000000000000455,-0.06816231277465817,0.00980377197265625,0,0,0
22.06280827522278,0.013793945312499998,0.01999999999998181,0.1938700053405762,-0.00545501708984375,0,0,0
22.06679606437683,0.014483642578124999,0.01999999999998181,0.30176566574096686,0.00980377197265625,0,0,0
22.070786714553833,0.015518188476562498,0.03999999999996362,0.05514701339721683,-0.00545501708984375,0,0,0
22.075791597366333,0.015863037109375,0.03999999999996362,0.7179346415710449,-0.01308441162109375,0,0,0
22.080789804458618,0.017242431640625,0.03999999999996362,0.1938700053405762,0.00217437744140625,0,0,0
22.09678363800049,0.015518188476562498,0.03999999999996362,0.1938700053405762,-0.00545501708984375,0,0,0
22.117766618728638,0.015518188476562498,-0.10000000000002274,0.21236640426635744,0.00980377197265625,0,0,0
22.127752780914307,0.013793945312499998,0.03999999999996362,0.39733039352417,0.00217437744140625,0,0,0
22.131757736206055,0.016897583007812498,0.03999999999996362,0.2431937358093262,0.00980377197265625,0,0,0
22.135786294937134,0.013104248046875,0.03999999999996362,0.11371894332885746,0.00980377197265625,0,0,0
22.140796899795532,0.007586669921874999,0.03999999999996362,-0.13289970901489254,-0.00545501708984375,0,0,0
22.145792722702026,0.012759399414062499,0.03999999999996362,0.19078727218627933,0.00980377197265625,0,0,0
